stream,interests,tenth_pct,twelfth_pct,grad_pct,target_career
Arts,"Design,AI",95.59494014246111,,,UI/UX Designer
Commerce,"Business,Data",82.72838444,74.71078111004613,,Business Analyst
Arts,"Business,Data",70.90012343053267,81.95829839852195,,Software Developer
Commerce,AI,70.6825222,66.42125442125234,,Software Developer
Engineering,"Healthcare,Data",80.17388170444721,86.42194744507987,86.85621607775201,Software Developer
Science,"AI,Marketing",59.78128904300548,,,AI Researcher
Science,"Marketing,Data",89.24585696402501,84.08709185350872,87.16771527,Software Developer
Commerce,"Coding,Law",87.24024867728637,90.42101722095526,,Software Developer
Arts,"Marketing,AI",76.91891369167753,,,Content Strategist
Arts,Marketing,89.54323024704091,85.90392244070974,85.92189875,Content Strategist
Arts,"Healthcare,Healthcare",91.23386895714573,93.26490834134529,97.06221881484173,Software Developer
Science,"Data,Data",73.10855332551004,,,Data Scientist
Arts,"Finance,AI",74.19546795110965,,73.58790332666904,Software Developer
Arts,"Coding,Marketing",86.81919648780735,82.67900833016994,97.14300190468212,Software Developer
Commerce,"Coding,Healthcare",64.74880003386485,,68.33196858832578,Software Developer
Engineering,"Coding,Data",89.01643148695514,95.40013159838668,96.98991919108349,Backend Developer
Commerce,"Data,Finance",76.48072280538041,,,Software Developer
Engineering,Coding,79.77625982256217,83.52983350235394,91.84949880200651,Backend Developer
Engineering,"Coding,Law",82.70568712,73.63059977688349,,Backend Developer
Arts,"Coding,AI",90.06506799012288,,,Software Developer
Commerce,"Finance,Healthcare",70.09427383606312,69.68670558323088,,Finance Analyst
Science,Marketing,80.53602210371973,79.65256534494068,81.59240785920605,Software Developer
Commerce,Finance,75.98416661930588,74.20203876240438,,Finance Analyst
Commerce,Design,76.39250878465569,69.33432997083298,67.05229512184316,Software Developer
Science,"Business,Data",62.11369858100299,65.46955244231705,,Software Developer
Engineering,"Business,Law",80.60622674248023,77.87845997121853,,Software Developer
Engineering,"Business,Business",73.30353067641995,75.64543506665143,74.54160666526727,Software Developer
Science,"Design,Law",85.99370679925455,87.77431311339933,88.89876942474706,Software Developer
Science,Coding,90.22978725057227,,,Software Developer
Commerce,Data,69.08468303119068,71.82477350994377,,Software Developer
Engineering,Coding,93.79385673913782,92.87593317112253,100.19593918486349,Backend Developer
Science,"Design,Business",87.12650732407707,,86.71004488845422,Software Developer
Engineering,Business,64.23405441305803,63.96148788688805,57.46420305453142,Software Developer
Science,"Data,Business",95.78311814,98.62031227841794,,Data Scientist
Commerce,"Coding,Law",83.97707482282742,85.67072916387522,75.07939347657896,Software Developer
Arts,Coding,63.81816292362389,,,Software Developer
Arts,AI,63.18489747223949,62.00989790175919,68.94338123980208,Software Developer
Arts,"Coding,Finance",94.15656718836996,95.73716968056215,97.84056252636081,Software Developer
Engineering,"Healthcare,Finance",69.87582361,71.50750385844204,,Software Developer
Arts,"AI,Finance",68.90378995963496,,,Software Developer
Arts,Business,59.687477776184316,,70.66836669370271,Software Developer
Science,Coding,59.82154380629214,58.73985100295664,68.51911210140041,Software Developer
Science,"Business,AI",72.06063888736821,,77.89253742487087,Software Developer
Arts,Data,90.34542089889376,90.67948411264432,,Software Developer
Commerce,"Data,Business",73.16974142677722,70.76198118962714,,Software Developer
Science,"Design,Data",79.49805242830314,,67.40185783515335,Software Developer
Engineering,"Coding,Design",82.76436541294842,79.46035745782083,,Backend Developer
Commerce,"AI,Marketing",79.52355276621364,71.16997443769537,,Software Developer
Arts,"Healthcare,Design",78.1408522,75.12309543566256,,Software Developer
Commerce,Finance,76.06630936,,,Finance Analyst
Science,"Design,Healthcare",73.91687901769143,72.14280003933517,74.11264030905905,Software Developer
Commerce,"Data,AI",68.53483741975231,,,Software Developer
Arts,"Healthcare,Marketing",87.18912731854131,91.72994931590844,,Software Developer
Commerce,"Law,Data",85.4963718,,91.91765565333188,Software Developer
Commerce,"Finance,Finance",76.88696490253345,,,Finance Analyst
Science,Business,56.26184212091835,59.719208294228025,,Software Developer
Science,Healthcare,80.73682571593558,89.19708202081452,91.81469701984454,Doctor
Engineering,"Law,Data",89.62647000268514,95.13441108106086,,Software Developer
Arts,"Data,Coding",83.08907124863508,80.76368208178549,71.36231095315688,Software Developer
Arts,"Design,Finance",97.44327275772274,,,UI/UX Designer
Science,Healthcare,81.16140899716324,81.69657444211765,80.86567516245009,Doctor
Engineering,"Healthcare,Business",79.42722698445061,,89.36437960905053,Software Developer
Science,Healthcare,85.51031906978601,,,Doctor
Engineering,Finance,87.63364174163661,86.67239731,,Software Developer
Arts,Design,83.00740226695491,76.65769002395076,,UI/UX Designer
Science,"Finance,Design",64.83021033625066,67.91583404653377,77.21422880649352,Software Developer
Arts,"Healthcare,Marketing",88.48329653524505,87.10152821971631,82.16289348738688,Software Developer
Commerce,Finance,82.81728463063158,84.46854919566518,,Finance Analyst
Science,Law,65.07977363353393,,58.16323642274051,Software Developer
Engineering,Design,89.46515888298171,,89.53414161734057,Software Developer
Commerce,"Data,Coding",93.11945283434314,89.57396212400832,,Software Developer
Arts,"Design,Marketing",96.90674202984077,88.70848524484602,,UI/UX Designer
Science,Marketing,69.08135043998632,66.53466384603897,60.27633298479964,Software Developer
Science,"Business,Marketing",86.09713162938726,,73.01963016548486,Software Developer
Science,AI,73.48835365371754,,65.59628770672366,AI Researcher
Arts,Design,83.13782383768034,86.09627164560516,84.68761472543059,UI/UX Designer
Arts,AI,78.34124714121215,,,Software Developer
Arts,Data,89.92652047245855,84.78958768513375,,Software Developer
Engineering,"Healthcare,Finance",87.93322834144146,90.17023632564275,91.02580107356162,Software Developer
Arts,Marketing,95.53543829917602,,91.23446961491597,Content Strategist
Arts,"Coding,AI",74.45767130502072,,,Software Developer
Science,Design,85.86283579868442,89.43779003948185,,Software Developer
Commerce,"Coding,Law",57.545894037446466,,,Software Developer
Arts,"Design,Data",83.20315201329423,,,UI/UX Designer
Engineering,"Design,Design",72.13849791477949,71.64771627709497,59.42710612152243,Software Developer
Engineering,"Healthcare,Finance",94.49207858465309,,,Software Developer
Arts,AI,79.11185355797713,78.48955384571748,,Software Developer
Science,Law,94.92351860715362,,,Software Developer
Arts,"Data,Coding",73.02274763,70.93241543011902,,Software Developer
Arts,"Coding,Data",73.9534838,73.09356977251782,67.51388767996518,Software Developer
Science,Design,84.17856463310787,76.87186971163449,,Software Developer
Science,"Marketing,AI",62.60063250523511,,,Software Developer
Science,"Data,Healthcare",73.29174474,78.01391928849426,64.01572037,Data Scientist
Commerce,Healthcare,65.31633924496171,68.22981675,,Software Developer
Commerce,Data,74.54817832143543,,68.60467380645183,Software Developer
Arts,AI,89.02630600787977,96.95106380803621,101.90377308936098,Software Developer
Commerce,"Coding,Healthcare",62.60636115471675,59.249061713090555,68.37685789775064,Software Developer
Arts,"Coding,Coding",85.82960370867575,,,Software Developer
Engineering,Law,67.14408609,63.19184791,67.4341702,Software Developer
Commerce,Law,92.90279379055565,,,Software Developer
Science,"Data,AI",82.52381206737158,72.85359669134148,,Data Scientist
Arts,AI,89.54644876971703,98.85134734002698,95.19978184997517,Software Developer
Arts,"Marketing,Law",83.65871866639336,84.49336622,,Content Strategist
Commerce,"Coding,Healthcare",92.52424187138067,89.70493477331138,,Software Developer
Arts,Coding,79.52997257488695,77.23712351597648,78.96164625531947,Software Developer
Engineering,Healthcare,79.15547699580235,80.24833561,69.60340723284524,Software Developer
Science,Coding,83.11943262564711,85.06741273853584,74.43518412726709,Software Developer
Engineering,Healthcare,81.90573426710573,74.61318258838729,,Software Developer
Arts,"Coding,Data",73.77974671229173,,,Software Developer
Arts,Business,81.49082068393963,81.5483157,77.60029031574105,Software Developer
Commerce,"AI,Healthcare",63.795837273185285,70.34809724,,Software Developer
Commerce,"Law,Business",77.84617383831632,80.60814869224836,,Software Developer
Science,"Marketing,Business",82.97857633092514,88.6950657,77.08406992682714,Software Developer
Science,"Design,Coding",80.83472003,85.90236508546083,,Software Developer
Science,Law,61.05371529035315,57.69439417976727,66.17709229088109,Software Developer
Arts,AI,64.65220792,57.28793818,,Software Developer
Engineering,"Finance,Coding",63.59634327,64.91683651166575,,Software Developer
Science,"Business,Finance",74.76052102366485,74.42923298556782,76.11689918726042,Software Developer
Arts,"Coding,Finance",66.45371892818977,60.032076281489516,,Software Developer
Engineering,Law,74.51906296,,,Software Developer
Arts,Marketing,82.48123390610273,83.63902217048948,,Content Strategist
Arts,Design,76.50633787,69.16833327139204,77.30802537123816,UI/UX Designer
Commerce,"Business,AI",83.53994287640212,83.12276629,77.10794443783382,Business Analyst
Science,"Marketing,Data",80.51630071660746,83.13335014159073,,Software Developer
Engineering,AI,66.48293713626396,,68.31416989610999,ML Engineer
Arts,"Finance,Marketing",88.37343704414832,85.69779208982794,,Software Developer
Arts,"Law,Marketing",65.06150636613916,,,Lawyer
Engineering,"Healthcare,Coding",84.33756032823645,,78.75957605518559,Software Developer
Engineering,AI,66.37425052233266,,64.88394087514352,ML Engineer
Arts,"Finance,AI",82.31530204993717,82.31367131013539,,Software Developer
Commerce,"Law,Finance",66.51741747438572,66.44155531997696,65.76076791455075,Software Developer
Science,Finance,87.20194866,95.36579956636304,,Software Developer
Commerce,Design,71.43955594,77.35447750781475,69.70367275234385,Software Developer
Arts,"Data,Finance",63.972671923458364,,,Software Developer
Science,"Business,Healthcare",79.59521655,83.26722204616833,,Software Developer
Commerce,Marketing,74.37883145264489,67.83408181181444,,Software Developer
Science,"Data,AI",57.68791588741334,60.46130374164498,,Data Scientist
Arts,"Law,Finance",85.08849820793522,,,Lawyer
Commerce,"Data,Finance",65.36254213503561,60.80560671842765,64.08895174984698,Software Developer
Engineering,AI,70.99286626,69.04686393585101,80.43870321016341,ML Engineer
Commerce,"Design,Business",74.98614835291656,,,Software Developer
Engineering,Healthcare,80.68262130642819,77.74284658,74.29095327308735,Software Developer
Engineering,"Healthcare,Business",63.84863724,69.87264275,,Software Developer
Engineering,Law,63.46684612642662,71.72537851116563,,Software Developer
Science,"Business,Coding",96.72582381781082,,,Software Developer
Science,Design,85.75760021,88.70442424631868,95.43654710521707,Software Developer
Arts,Law,83.23997014605627,,76.82588619,Lawyer
Science,"Marketing,Healthcare",83.40307951073879,79.77787707413697,82.29815175880042,Software Developer
Engineering,"Coding,Marketing",89.17215354340267,89.49766599122307,81.96324414061262,Backend Developer
Engineering,"Marketing,AI",61.30853260074816,,65.99658585169144,Software Developer
Commerce,"Data,Healthcare",76.30442565451726,,83.80491056281991,Software Developer
Commerce,Marketing,83.10127221850068,83.94260425328646,76.99354076501119,Software Developer
Arts,"Finance,Marketing",97.16162099,,103.69568017235747,Software Developer
Science,Finance,76.12001255424627,84.30226624997331,73.31869199567402,Software Developer
Commerce,"Design,Business",65.78360428,,,Software Developer
Engineering,"Finance,Marketing",66.62948692,,64.15062292774682,Software Developer
Commerce,Law,70.25911087353289,,63.83570787781023,Software Developer
Science,"Business,Design",70.52029820028942,64.75191904418504,70.28515727698088,Software Developer
Science,Marketing,84.38244897780349,90.65862920321197,78.47958361242407,Software Developer
Science,"Data,AI",80.40748153954269,77.61245215,90.48631517577505,Data Scientist
Arts,"AI,Coding",64.63394072,62.35362132281125,63.652033672189056,Software Developer
Science,"Law,Healthcare",82.11367411,,,Software Developer
Commerce,Coding,72.39361826922259,71.05165167960001,67.31824762746277,Software Developer
Commerce,Marketing,80.10256721871127,87.03216862587584,74.84864399,Software Developer
Commerce,Finance,86.16702764422155,93.34681241182587,,Finance Analyst
Arts,"Marketing,Finance",66.41253569006041,58.84635252,,Content Strategist
Commerce,"Coding,Law",91.46604002053986,92.2035285,,Software Developer
Engineering,"AI,Law",64.81531384,66.26677371,67.40261352456632,ML Engineer
Arts,AI,66.18104157551193,,,Software Developer
Commerce,Business,59.201091422092155,63.30590647712288,69.92772377865457,Business Analyst
Arts,"Data,Marketing",75.25052674524414,80.75083456654227,76.57990843698065,Software Developer
Engineering,Law,74.33533968260558,,76.32577360299518,Software Developer
Commerce,Healthcare,85.03599397757695,,,Software Developer
Engineering,"Healthcare,Law",89.00824173767401,88.46984350581019,100.48472886591976,Software Developer
Science,"Business,Finance",65.54116696888958,,54.52609176622382,Software Developer
Engineering,Finance,77.94965518735648,76.63778666426676,83.06132442915184,Software Developer
Engineering,Design,73.33456715,75.58903610120507,82.46851751929252,Software Developer
Engineering,"Finance,Law",57.99794706811661,58.47310640166171,,Software Developer
Science,"AI,Data",63.034621943573235,62.179768876394704,64.44462130534005,AI Researcher
Engineering,Business,72.15692939,77.32192534365169,71.95374160486159,Software Developer
Science,AI,93.38326856,93.32943940344849,,AI Researcher
Commerce,"AI,Design",74.65880803105314,70.66262782023668,,Software Developer
Arts,Data,61.01787249066514,60.02099834,58.29746605041998,Software Developer
Arts,"AI,Marketing",61.94742080300589,,,Software Developer
Arts,Law,73.61082405644538,69.97084569,76.68857927,Lawyer
Engineering,AI,78.52025482638145,,81.31825116247857,ML Engineer
Arts,AI,67.01549191,63.97929183992396,70.37856424642408,Software Developer
Arts,Design,60.564217803436655,69.43449971673395,,UI/UX Designer
Engineering,"Business,Data",76.03150212856796,,77.49784742,Software Developer
Science,"Data,Data",63.36086772384541,70.63148246580914,63.01550639952144,Data Scientist
Engineering,Coding,66.61331602713715,72.77946502367391,,Backend Developer
Science,Marketing,69.22441634316014,,74.69031269340442,Software Developer
Arts,Marketing,67.31083511433374,61.229474444358694,,Content Strategist
Commerce,Healthcare,76.50038301,81.30511592642571,72.68819171990825,Software Developer
Engineering,Design,61.512857815920796,57.28896347339083,,Software Developer
Commerce,Business,75.59941546639052,69.45768160339921,,Business Analyst
Science,Business,64.56921379,64.70527641169387,66.38196693131547,Software Developer
Arts,"Coding,Marketing",80.54046006476347,,,Software Developer
Commerce,"Data,Data",86.52239618490242,80.80942657108564,,Software Developer
Science,"Business,AI",58.324701970073576,,66.37064981148147,Software Developer
Commerce,"Design,Coding",68.51149327,71.49783711449003,63.01086594161441,Software Developer
Arts,"Law,Coding",84.37845114702817,,,Lawyer
Science,Law,70.31212002186022,77.40615378826274,68.87514550971784,Software Developer
Arts,AI,95.99847081440305,,85.33830076816662,Software Developer
Commerce,"Law,Business",66.50601091222933,65.70586138,54.651492526645896,Software Developer
Arts,"Law,Data",67.03149864673208,65.33197000982261,70.90388133240891,Lawyer
Commerce,"Law,Data",66.29742923,68.12139604164366,,Software Developer
Science,"Law,Coding",91.63598339,89.42911023385246,,Software Developer
Science,"Coding,Business",74.45951793804136,75.48198460259995,64.34861757647712,Software Developer
Arts,Finance,63.29475038870629,,,Software Developer
Engineering,Business,87.36800039549114,87.48490753510217,73.09795525023814,Software Developer
Science,Data,80.84922201497213,74.95124404561545,84.54805883,Data Scientist
Science,"Marketing,Data",66.15223962690364,,66.49407119965088,Software Developer
Arts,"Design,Law",74.05671663483635,72.35028706215049,63.01948345692519,UI/UX Designer
Commerce,"Finance,Design",75.95702327922558,,,Finance Analyst
Commerce,Finance,72.68581201004547,69.29366375720168,82.46695063700265,Finance Analyst
Commerce,"Law,Finance",67.25874657522083,,,Software Developer
Arts,"Business,Finance",98.02191467,91.85050072125478,,Software Developer
Science,Finance,84.46132902438934,85.08914272801593,78.64696155449369,Software Developer
Science,Coding,86.31692572958929,96.93186127,84.38863840804936,Software Developer
Arts,Coding,94.05372666797241,,99.03348252476479,Software Developer
Engineering,"Design,Data",64.36133310136985,64.48798190246184,,Software Developer
Arts,"Coding,Coding",68.41786622505286,75.40468254451534,,Software Developer
Science,Coding,76.11118306962263,,78.07017159690118,Software Developer
Engineering,"Design,Design",69.06465845317405,65.85315135630759,,Software Developer
Science,Law,91.31898901652836,,,Software Developer
Science,"Marketing,Coding",85.29749340456375,,,Software Developer
Science,"Marketing,Data",81.15060185336137,74.39989182465013,84.67002791714643,Software Developer
Science,"Business,Design",63.72660338439429,63.71252652060139,60.97367414663743,Software Developer
Science,AI,56.598979645966644,56.070412904637074,,AI Researcher
Arts,"Design,Marketing",89.86163714989294,85.89816836847493,,UI/UX Designer
Arts,Finance,83.79541381528611,72.84842316593611,79.22097302881522,Software Developer
Arts,Design,80.04151817,,,UI/UX Designer
Engineering,"Business,Business",69.26676602,72.43527526996948,,Software Developer
Commerce,Business,59.577902337310526,60.86406283231659,72.16487899284948,Business Analyst
Commerce,"Law,Finance",89.9879314,94.57471985,,Software Developer
Science,"Marketing,Finance",66.30299859762037,,64.62034433190452,Software Developer
Engineering,"Coding,Marketing",83.31275544,78.57133563,,Backend Developer
Commerce,Design,89.19473855635641,88.30328108868692,102.03040568798043,Software Developer
Science,"Design,Marketing",93.18925062836034,98.92447103757179,87.17902374892876,Software Developer
Commerce,Coding,86.99500903739734,95.45264635436047,98.37838840758565,Software Developer
Commerce,Design,68.68080422424826,71.59803723158898,,Software Developer
Commerce,Coding,68.50801105025654,68.86429835387841,64.98106118489373,Software Developer
Arts,Healthcare,92.48304314118104,,93.11799874,Software Developer
Arts,Business,78.13411052929229,76.32824100505638,81.06974401034921,Software Developer
Arts,Law,67.94078205200229,,,Lawyer
Commerce,"Business,Finance",61.321110955924375,61.21524536811033,68.9005792,Business Analyst
Commerce,Marketing,71.34618704,62.99378000267436,,Software Developer
Engineering,AI,75.18689813105155,65.23828456056918,77.72873922178542,ML Engineer
Science,Business,76.60756858597219,72.77552695191085,74.17580529022881,Software Developer
Science,"AI,AI",76.82117104314075,79.84030714767204,66.92694021676937,AI Researcher
Engineering,Healthcare,82.13930144,80.39136845672685,80.14940367600323,Software Developer
Commerce,"AI,Finance",81.68090360219928,76.49696917,,Software Developer
Science,"AI,Coding",91.73827597617475,,97.71820687,AI Researcher
Engineering,Law,75.31459705765256,,76.00419535986902,Software Developer
Engineering,Data,66.11758095221289,60.79574556658876,,Data Scientist
Engineering,"Coding,Business",66.20910174952797,65.91936223930007,,Backend Developer
Engineering,"Law,Data",79.59623804438979,81.00798126142818,80.75699207829658,Software Developer
Engineering,"Law,Coding",71.05124461400592,67.36519732236513,,Software Developer
Science,"Finance,Business",74.40246910018595,69.11263865575123,75.51284604800603,Software Developer
Commerce,AI,71.44170060425628,66.21497916535776,,Software Developer
Commerce,"Marketing,Data",90.40414624887066,86.64898790549344,96.85378006,Software Developer
Science,Healthcare,92.87193768896113,89.04000284456109,84.05551683978753,Doctor
Commerce,Finance,68.31105390909134,60.89507728072119,68.28580602973537,Finance Analyst
Arts,"Business,Finance",88.09264569988399,,,Software Developer
Engineering,"Business,Business",91.12452871,91.38846895882725,,Software Developer
Arts,Business,99.65826791114027,96.94021384836518,100.93537002601037,Software Developer
Science,Business,63.34624343478901,68.54314335630748,53.29968929057347,Software Developer
Commerce,"Data,Healthcare",63.46109624384715,62.20583433,64.66286177233172,Software Developer
Science,Finance,78.27579467056445,85.85812248696033,74.38838518667411,Software Developer
Commerce,Marketing,82.31701924700903,80.12350238083332,75.06397169048644,Software Developer
Arts,Law,79.74921242,,72.98091411499088,Lawyer
Commerce,Data,71.24881334358018,74.21694557,,Software Developer
Arts,"Healthcare,Coding",62.89494581099227,72.26239450073386,,Software Developer
Engineering,"Healthcare,Marketing",62.741169197436754,60.129662404536155,,Software Developer
Science,AI,74.15007668290501,80.59877895907177,,AI Researcher
Commerce,"Marketing,Data",94.29829405502257,,,Software Developer
Arts,Data,66.29844640216275,63.13917529703987,64.59015484160334,Software Developer
Arts,"Finance,Healthcare",68.57055808068412,,71.27728059550043,Software Developer
Engineering,"Finance,Data",81.90092446,81.95750761365129,,Software Developer
Arts,"Business,Marketing",67.85695604868702,62.21636959266142,,Software Developer
Commerce,"Design,Finance",74.55351968405294,70.35419717816337,,Software Developer
Science,"Law,Law",85.73962848842055,88.23303231915101,84.84553525109172,Software Developer
Engineering,Coding,85.63557709,,,Backend Developer
Commerce,"Law,Marketing",71.41707248227661,,80.05956436621318,Software Developer
Arts,"AI,Data",67.94191278566865,72.36825836609012,,Software Developer
Arts,Healthcare,65.66855877313728,,69.71773728258228,Software Developer
Science,"Design,Business",88.82045617496824,96.74231084100136,97.84253446671657,Software Developer
Engineering,"AI,Law",89.59928869351421,,,ML Engineer
Arts,Healthcare,78.10274516158579,80.00008875257228,81.56097048941393,Software Developer
Engineering,"Data,Marketing",88.53232458171374,,,Data Scientist
Science,"Design,Design",66.54544674549386,64.63655707,,Software Developer
Engineering,"Marketing,Finance",87.36869656598665,87.54688166507981,84.3852526,Software Developer
Science,Business,72.42645039093217,,70.53327718510818,Software Developer
Science,Healthcare,74.75567375947824,,80.04386060323836,Doctor
Commerce,"Healthcare,Design",95.37447936100916,89.56050557327126,98.40536262,Software Developer
Science,AI,87.79402990755126,,,AI Researcher
Arts,"Finance,Healthcare",79.53765287637631,82.66262711676389,,Software Developer
Commerce,Marketing,70.78192970523978,76.19748655110597,,Software Developer
Science,"Marketing,Business",64.99551626384483,66.90534065052529,67.20022342586793,Software Developer
Engineering,"Data,Finance",76.81022432839471,79.53039998495551,,Data Scientist
Arts,Finance,80.36967135456557,77.59370129616576,,Software Developer
Commerce,Data,69.20732268751915,,76.76426789463731,Software Developer
Science,Law,70.95293453942347,,,Software Developer
Science,"Law,Coding",67.56894879915131,62.45887987,,Software Developer
Commerce,Marketing,83.69764351992252,,,Software Developer
Commerce,Finance,66.67947569577554,60.61505131333504,74.63853677326263,Finance Analyst
Arts,Healthcare,90.39573490433854,92.34667507813165,82.65997727574936,Software Developer
Arts,Business,60.03463143938103,66.45792874001158,,Software Developer
Engineering,"Business,AI",83.14463159,81.69512512,,Software Developer
Science,"Finance,Business",72.95484591604564,,,Software Developer
Science,Design,83.32502841527037,77.12183667142745,,Software Developer
Arts,"Coding,Data",97.16116378130572,93.56217040215067,93.40994786,Software Developer
Engineering,"Marketing,AI",63.75081815,54.12895793407648,,Software Developer
Arts,Healthcare,67.90273224602069,58.15562268,56.30000883425799,Software Developer
Science,Healthcare,72.94509190587206,73.46498006543926,,Doctor
Commerce,"Law,Business",90.82979929195325,,,Software Developer
Commerce,"Law,AI",89.28976306308608,99.25097582,95.32321935328815,Software Developer
Commerce,Design,96.96926318,98.68765042004755,,Software Developer
Engineering,Business,84.50132647664522,84.47266983685606,,Software Developer
Arts,Data,75.08182263106454,,66.90420299184777,Software Developer
Science,Finance,87.26946061857298,,,Software Developer
Engineering,"Coding,Data",90.83427971988725,88.67651965448394,,Backend Developer
Arts,Design,87.05612348040178,89.74143427572511,84.52058221310158,UI/UX Designer
Arts,"Healthcare,Data",69.02904212118997,58.90686648,63.96406404859049,Software Developer
Commerce,Finance,76.03032208478191,76.90079205,,Finance Analyst
Science,Finance,78.06247812674468,85.23501097,,Software Developer
Commerce,Finance,82.16666061420175,76.71826791736761,80.86113552128677,Finance Analyst
Engineering,"Design,Business",70.17610762315834,79.39047625917347,72.32115894963337,Software Developer
Science,Data,63.722555004613795,,67.42254109632123,Data Scientist
Arts,Finance,62.57344706313103,63.38300194303031,,Software Developer
Commerce,Coding,64.62830811,66.64011080599893,56.91290137112955,Software Developer
Commerce,"Business,AI",68.61681244652169,64.35529658334461,,Business Analyst
Science,"Law,Law",87.81869336919098,95.33023897671839,93.68591630671956,Software Developer
Arts,"Business,Healthcare",60.34702496904433,59.726033609684066,63.262691382870784,Software Developer
Commerce,"Data,Finance",90.22221872508078,92.88930742422973,90.87889066360577,Software Developer
Commerce,Business,83.78949888,81.48019538,,Business Analyst
Engineering,Finance,77.74270349867778,,84.69269281042958,Software Developer
Commerce,Business,57.68439654180495,55.32124175598288,55.40985670066834,Business Analyst
Engineering,Law,61.40367804042952,,70.38834428,Software Developer
Arts,"Law,Data",69.78055546917201,,68.08215012866893,Lawyer
Engineering,Finance,78.69135323679781,82.84127728320654,73.86080866616061,Software Developer
Commerce,Finance,85.45722146970283,87.38856092541239,,Finance Analyst
Arts,Design,85.92098467733611,93.01351916644595,83.12455895832477,UI/UX Designer
Science,Healthcare,70.04851778,70.87020767,,Doctor
Arts,Data,76.76034834304527,79.75012772766101,,Software Developer
Science,Business,82.82111914002644,83.14903565212009,,Software Developer
Commerce,Data,78.62314310092205,70.93908793220585,,Software Developer
Science,Healthcare,82.21394233627103,73.99631598393587,68.69948598568789,Doctor
Science,AI,68.10593868803574,66.99613946757096,,AI Researcher
Arts,Law,65.32265778936674,,73.72713623464857,Lawyer
Science,Design,92.12926365432604,92.69523029,,Software Developer
Arts,"Business,Law",68.42550283637782,,68.33224932099175,Software Developer
Commerce,Coding,87.53379928858287,,,Software Developer
Arts,"Finance,Data",72.32501088384362,69.54025436756812,61.100620638323925,Software Developer
Commerce,AI,84.43575082150831,76.37804234191465,,Software Developer
Science,Marketing,92.64959231179142,85.05681440415523,93.80953974595727,Software Developer
Commerce,Coding,61.250846322794494,65.43518334,,Software Developer
Science,Healthcare,81.24346080339775,,77.09748270945411,Doctor
Science,Data,74.84103944394421,71.37299748267101,73.60676131718908,Data Scientist
Science,AI,67.04093367989294,72.21658465338423,,AI Researcher
Engineering,"Design,Finance",83.80679498102312,77.21691350886265,76.19285347539468,Software Developer
Arts,"Finance,Design",76.10288544892671,81.75866731183879,,Software Developer
Commerce,"Marketing,Law",86.45274906744679,83.81596524289192,,Software Developer
Science,Design,75.76820706545338,82.46547082,83.01125036137589,Software Developer
Arts,"AI,Design",81.26116995290869,,,Software Developer
Science,"Marketing,Law",92.30204478968493,,91.95927838243176,Software Developer
Engineering,Data,65.47156125,61.24595548488412,,Data Scientist
Engineering,"Marketing,Business",67.10484516322376,63.62840448409599,64.89724511095052,Software Developer
Commerce,Marketing,92.92872823,97.21868462661156,101.66873642128367,Software Developer
Engineering,Business,74.84064568483745,85.43835516888271,,Software Developer
Arts,"AI,Design",92.56878393078061,,,Software Developer
Science,"Finance,Law",82.02742786956405,85.20246267365106,75.27983543889471,Software Developer
Arts,AI,58.29945320647315,,70.46409777257594,Software Developer
Arts,Marketing,81.66703689464462,82.59974500505474,87.07856538,Content Strategist
Commerce,Marketing,90.75634821519394,89.59535223,83.70500708760113,Software Developer
Commerce,"Data,Marketing",75.32028565111894,,,Software Developer
Commerce,Law,59.29196094097743,59.99200972696979,,Software Developer
Commerce,"Healthcare,Coding",82.41654296533456,,80.66170701410383,Software Developer
Science,Design,95.70146332235309,,,Software Developer
Commerce,AI,75.46031915345677,73.49293336,83.76080461,Software Developer
Engineering,Design,88.70879094426955,,88.58685921,Software Developer
Engineering,"Finance,Finance",79.08024298718078,,,Software Developer
Arts,"Data,Law",74.69967999452922,80.52004961420228,,Software Developer
Science,"Marketing,Business",69.95301242824713,76.90368620688105,,Software Developer
Commerce,"Design,Marketing",62.456763775695066,68.59877072560258,,Software Developer
Arts,Business,65.66708317302887,61.68061469459804,70.49570042919122,Software Developer
Engineering,"Healthcare,Design",83.91870171,,,Software Developer
Arts,AI,80.76041254216253,75.08215519718696,77.34932866872414,Software Developer
Science,"Coding,Coding",72.30006902,,,Software Developer
Engineering,Finance,89.29954737624604,81.16421119529326,,Software Developer
Commerce,Marketing,56.92930296769928,63.161956785540255,52.69481543541302,Software Developer
Engineering,"Law,Healthcare",79.44529665045245,70.58794309974428,,Software Developer
Science,"Marketing,Coding",78.76643076942219,,,Software Developer
Arts,"Design,Design",98.44985215753573,,95.09683371212662,UI/UX Designer
Commerce,"AI,Healthcare",62.53878610525061,57.933618822405805,,Software Developer
Engineering,"Data,Data",65.19783736,,62.625246717919396,Data Scientist
Science,Business,68.91078455529188,63.52014673733521,,Software Developer
Arts,Business,94.34565198497123,91.37830933546554,,Software Developer
Engineering,"AI,AI",63.41836088685764,68.81994547,,ML Engineer
Arts,Finance,67.96656239143857,72.45615502,,Software Developer
Engineering,Finance,95.83091491921381,97.45060699352352,103.93549353071472,Software Developer
Science,"Marketing,Law",70.52016925367921,,,Software Developer
Engineering,Healthcare,84.25918796616004,75.54015446778989,,Software Developer
Arts,Healthcare,71.01993251402104,75.87073138702513,70.21259847336275,Software Developer
Commerce,Data,90.00918622431833,84.16614150587047,91.19793191922187,Software Developer
Arts,"AI,Healthcare",80.00781730479892,,,Software Developer
Commerce,Business,59.81727879074698,57.859201476668105,,Business Analyst
Commerce,Business,58.24304404489317,56.044732955446115,56.54834080576187,Business Analyst
Science,"AI,Coding",92.04280112375695,94.66925671784848,,AI Researcher
Engineering,Business,65.79679641702761,61.95420440181131,60.578666463506295,Software Developer
Science,Marketing,58.75533932406954,67.77724983782377,,Software Developer
Engineering,"Marketing,Healthcare",81.05831720127264,,85.72037571,Software Developer
Arts,AI,86.86132863826455,,83.47601701515859,Software Developer
Arts,Data,75.70560022,68.3705551,,Software Developer
Engineering,"AI,Business",69.06864056660557,,,ML Engineer
Science,Data,91.21034450838059,,,Data Scientist
Commerce,"Design,Data",87.54063265968985,,,Software Developer
Arts,"Business,Business",79.95856854933294,88.58459407,85.17224147879551,Software Developer
Arts,Marketing,72.43916183212009,,,Content Strategist
Commerce,Coding,59.534229764699745,60.41280842940313,,Software Developer
Arts,"Coding,Healthcare",68.53845218901839,70.07838424330532,,Software Developer
Commerce,"Finance,AI",82.18154399636609,,,Finance Analyst
Engineering,Business,89.12589274598959,80.40446236189064,87.49856629365924,Software Developer
Arts,Marketing,66.56429597171321,,,Content Strategist
Science,"Marketing,Data",69.97917895129413,65.71817571951291,,Software Developer
Engineering,AI,76.32979497876124,,,ML Engineer
Science,"Law,Design",73.4566924,68.44945137,61.93176634832196,Software Developer
Engineering,"Data,Business",93.47144284,94.03017616122311,95.37562071489164,Data Scientist
Arts,"AI,Law",90.68659720299674,91.05913429776888,,Software Developer
Science,Finance,77.71944199,74.95105417793722,71.87757063976049,Software Developer
Engineering,Design,74.04669233399684,85.00209455487156,,Software Developer
Arts,"AI,AI",56.81405313026786,63.43743237398961,,Software Developer
Commerce,Law,88.13101617082235,,84.54907938089663,Software Developer
Science,"Finance,Data",63.41297538825131,62.11013451,57.67070114159954,Software Developer
Science,"Healthcare,Finance",93.23695256027266,90.47520567246073,100.59755491127382,Doctor
Science,Law,94.67832958299883,,83.73303021160658,Software Developer
Engineering,"Finance,AI",89.67174985934864,83.16911288054408,88.97216776599274,Software Developer
Engineering,AI,64.72408825634545,,54.95830478730874,ML Engineer
Commerce,"Coding,Business",96.18729434709046,87.22303410959438,81.95362010243525,Software Developer
Science,"Business,Data",90.21171485669575,94.74706460790475,87.61722667028184,Software Developer
Engineering,"Coding,Coding",84.25907871117893,,,Backend Developer
Commerce,"Data,Design",85.52606074651733,,,Software Developer
Engineering,AI,96.36281181,,100.4671425,ML Engineer
Engineering,Coding,76.05356310335027,79.35995754484124,,Backend Developer
Science,Data,82.80843664251647,88.30834730947299,75.79934325698399,Data Scientist
Commerce,"Finance,Business",64.68759227105927,57.36676811999681,,Finance Analyst
Science,Finance,93.04024729023776,88.46184036510097,,Software Developer
Arts,Design,71.23101825918822,,,UI/UX Designer
Commerce,Healthcare,64.70089029637496,68.01095989814918,57.502661870304166,Software Developer
Commerce,"AI,AI",90.14026597608505,92.49110233008464,,Software Developer
Arts,"Healthcare,Design",95.45998685,86.56199351407608,,Software Developer
Engineering,Data,59.48807611117694,63.31416417141473,,Data Scientist
Science,"Business,Coding",72.71063108857173,71.41027110397742,,Software Developer
Commerce,Data,77.97654510265241,,,Software Developer
Commerce,Coding,63.286533783913946,58.91636716572127,66.98740247750217,Software Developer
Commerce,Data,63.20358972211671,57.77825353211603,71.4863578,Software Developer
Arts,"Law,AI",87.88286206510156,87.54252459745881,,Lawyer
Commerce,"Coding,Business",77.64987304029042,78.12944202218584,,Software Developer
Arts,Law,57.31900910135798,62.96614827882475,,Lawyer
Arts,Healthcare,69.10752688372592,76.34337302189779,66.29349382069329,Software Developer
Engineering,"AI,Marketing",68.57055103592533,76.33401266504369,,ML Engineer
Engineering,"Business,Data",76.07438365,70.09568881,79.77341143407942,Software Developer
Arts,"Law,Law",64.36329397458945,,,Lawyer
Engineering,"Healthcare,Coding",79.60451898406785,73.39466670210477,77.50172469289762,Software Developer
Engineering,Data,80.37049787236533,85.85462036269602,,Data Scientist
Arts,Coding,67.63358916064412,69.25426415382972,57.74604068,Software Developer
Commerce,Coding,86.29982059429153,,84.66237954191934,Software Developer
Arts,"Healthcare,Law",75.36735228,71.52239070213066,,Software Developer
Arts,AI,81.82026630317131,80.42623537338005,,Software Developer
Commerce,"Marketing,Design",72.49302446655909,,76.69556127462855,Software Developer
Engineering,AI,75.51594501789985,72.90217493474317,70.64606112339632,ML Engineer
Arts,Healthcare,70.99725008594227,,61.54957583,Software Developer
Arts,"Business,AI",70.82649683108532,62.754903827277005,63.29449669891174,Software Developer
Engineering,Data,67.55334326694384,67.75825345147244,,Data Scientist
Commerce,"Healthcare,AI",61.88184541335509,,71.02374377631688,Software Developer
Science,Law,90.08919568,89.52047144669936,,Software Developer
Commerce,"Marketing,Marketing",77.76241189626931,,,Software Developer
Engineering,Finance,91.77091032278958,,80.51312933,Software Developer
Arts,Design,90.76055249028059,,,UI/UX Designer
Commerce,"Healthcare,AI",71.56282316859124,67.94903777337811,,Software Developer
Commerce,"Data,Data",72.4543837,72.32852362,,Software Developer
Science,"Marketing,Data",63.760981783491474,66.68685506091693,,Software Developer
Arts,"Healthcare,Marketing",62.93250582747395,57.56730023537354,72.39821029664094,Software Developer
Engineering,Data,65.41543785723684,59.55313905025028,69.77012512917995,Data Scientist
Science,Finance,76.19663025984504,68.48902373,79.29718191,Software Developer
Commerce,"Law,Law",63.891844084152694,71.32133097284348,61.39191427017305,Software Developer
Arts,AI,66.38261238346986,65.78135946131783,55.99684995211309,Software Developer
Science,AI,86.09557683,87.39179082847667,75.90969892865647,AI Researcher
Arts,"Law,Marketing",73.10120704387599,66.72116540259229,,Lawyer
Engineering,Finance,88.03518311272728,82.88128871736362,84.33142514142668,Software Developer
Science,Law,90.29916915902268,88.11403558391473,99.15686598,Software Developer
Science,Law,67.80804948,69.22867527,67.25959504791838,Software Developer
Arts,"Marketing,Business",85.73426572658236,92.53635594542727,,Content Strategist
Arts,Healthcare,78.99061029076499,,83.06993281902274,Software Developer
Commerce,"Marketing,AI",70.85347569,72.80902525,71.57295674007472,Software Developer
Engineering,Finance,65.90297996973428,62.02312276681867,,Software Developer
Science,Marketing,60.27734512199824,,59.39319944141685,Software Developer
Arts,"Finance,Finance",76.63315061037882,75.4627494,71.79434948,Software Developer
Engineering,AI,93.05445821953052,96.01949744788327,,ML Engineer
Science,Data,87.60197895966664,86.94299757848756,91.37417276,Data Scientist
Engineering,"AI,Coding",65.35139381231373,72.57720535907279,,ML Engineer
Science,Marketing,71.70555364190349,70.79258745652697,82.75837869,Software Developer
Arts,Data,67.70045303466594,70.65068760876316,69.87590121897014,Software Developer
Engineering,"Business,Finance",83.42802948725367,,,Software Developer
Science,Marketing,96.23783952448838,96.68188113013679,89.08784699367578,Software Developer
Arts,AI,64.40208314275914,68.22520999,,Software Developer
Science,"Marketing,Data",75.32984488949626,67.79084225368423,,Software Developer
Commerce,Finance,64.72323319,,,Finance Analyst
Arts,"AI,Marketing",76.12931519475387,81.84490191039593,,Software Developer
Science,"Finance,Healthcare",83.85314830280538,85.82790635794424,,Software Developer
Commerce,Design,65.71555779,67.84364780080537,74.87034020770086,Software Developer
Arts,"Marketing,Coding",68.02630672221724,71.44308050407523,63.490223466394674,Content Strategist
Arts,"Data,Design",74.41820050034681,74.33562830517347,,Software Developer
Engineering,"Marketing,Marketing",66.42991743838512,76.75842017613212,,Software Developer
Commerce,"Data,AI",80.01964656929388,74.72991255,85.75334652877523,Software Developer
Commerce,Coding,73.66083763936257,,,Software Developer
Science,Coding,87.18405340871696,77.53097311,77.79288874365112,Software Developer
Science,Marketing,88.24203347006627,90.31023764723291,,Software Developer
Commerce,"Healthcare,Healthcare",67.06980993,68.34849306827256,,Software Developer
Science,"AI,Finance",90.21608128779947,94.34356059633686,,AI Researcher
Arts,Data,92.84072191949244,,,Software Developer
Engineering,Finance,84.18692885277176,76.31598924,71.41959826731994,Software Developer
Commerce,Marketing,95.90610933722046,97.76329833151759,,Software Developer
Science,AI,74.00959159621624,72.98620514,,AI Researcher
Science,"Finance,Healthcare",56.95075071,,,Software Developer
Commerce,"Finance,AI",70.64546226555737,63.29581392884243,,Finance Analyst
Science,"Data,Design",69.72099459933887,76.04633012,69.43686509276004,Data Scientist
Engineering,Finance,59.77832320516504,68.55160244802484,,Software Developer
Commerce,Law,69.17349092324183,,,Software Developer
Engineering,"Finance,Healthcare",84.56262230831422,90.64801384346974,,Software Developer
Science,"Coding,Law",80.04568216492133,,,Software Developer
Arts,Finance,71.10341539684349,73.00512441153387,67.74560077234827,Software Developer
Engineering,Finance,78.76223714714138,68.09662845609074,68.62365275946645,Software Developer
Commerce,"Marketing,Coding",71.23647999835725,81.21566684396603,74.45235294512926,Software Developer
Engineering,"AI,AI",83.08035204074068,,94.36522402126758,ML Engineer
Arts,"Business,Design",68.99944438898441,70.37363526993092,66.62932893325706,Software Developer
Arts,"Design,Marketing",63.417703186466255,,,UI/UX Designer
Science,"Healthcare,Finance",70.60121132171774,,79.89233611384367,Doctor
Engineering,Data,73.71344340936884,,80.57399198991385,Data Scientist
Arts,Business,65.30359056238733,,53.85462917060903,Software Developer
Engineering,Design,70.38598498286383,65.32207246652587,,Software Developer
Science,Data,91.42511130183236,99.96976659441655,90.20869747833594,Data Scientist
Science,"AI,Coding",80.83041373,77.42946115063471,,AI Researcher
Engineering,"Healthcare,Coding",74.12998800260186,74.18519986420442,70.59768415339555,Software Developer
Engineering,"AI,AI",81.86777908413296,77.1833534,,ML Engineer
Science,"Law,Business",94.20562435674137,87.09226773727336,89.44729453066113,Software Developer
Arts,"Finance,Design",64.82840877627119,62.55317659857383,,Software Developer
Science,"Healthcare,Marketing",69.15521598466786,,74.90650869601261,Doctor
Commerce,AI,73.47805236137626,80.28725271161701,84.98638477604916,Software Developer
Science,"Coding,Data",82.68373614092783,83.96989202013255,73.89516203337875,Software Developer
Engineering,Business,88.86120937,95.67636687186211,,Software Developer
Arts,Law,82.62774013293006,,86.51049120029163,Lawyer
Engineering,"Healthcare,Healthcare",74.94121695,,,Software Developer
Commerce,Healthcare,79.46021896996427,79.66522787185409,73.12440682316021,Software Developer
Arts,"Finance,Finance",68.28119721,59.511437810194764,,Software Developer
Science,Design,59.69709639957681,58.03924650646017,53.84960500930434,Software Developer
Engineering,Data,75.38687772862461,83.36046265043935,,Data Scientist
Engineering,Marketing,82.95010929154435,85.55241914,72.11604876062711,Software Developer
Commerce,"AI,AI",57.20657236281731,,,Software Developer
Engineering,Business,60.648197644597715,,55.01008359596564,Software Developer
Engineering,"AI,Coding",81.71072965349656,83.45493076668812,87.01584888952954,ML Engineer
Commerce,"Coding,Business",65.42288654559907,,,Software Developer
Science,"Data,Coding",82.93730851708614,94.16129061780617,,Data Scientist
Engineering,AI,80.29606870495626,77.17916872229137,87.53749449370987,ML Engineer
Commerce,Marketing,89.22010888114468,98.71752116730913,85.12264868824428,Software Developer
Science,Coding,80.94146476647444,72.67311364765746,,Software Developer
Engineering,Business,69.12597493,61.96724428020556,,Software Developer
Arts,"Healthcare,Design",77.48373668794872,79.69922513,,Software Developer
Engineering,AI,74.41909064599815,66.32233956589586,65.86447697906546,ML Engineer
Science,Marketing,76.46064909394308,77.60749106253374,,Software Developer
Arts,Business,87.71640142103146,,77.93653335971693,Software Developer
Engineering,"AI,Data",81.24906944091958,,,ML Engineer
Engineering,"Design,Marketing",78.31081335354337,82.1536645,81.21650252,Software Developer
Commerce,"Healthcare,Business",73.34333896998854,74.47354198251183,,Software Developer
Engineering,"AI,Marketing",76.78991003886578,75.53474442704582,75.70708494156705,ML Engineer
Commerce,"Law,Design",89.97171022915259,88.30584625183977,,Software Developer
Arts,Finance,80.97095804,81.07227178547724,78.52290584,Software Developer
Science,"Finance,AI",83.95242914332448,78.29861122693133,76.02748461483466,Software Developer
Commerce,"AI,Law",83.10797151687434,85.71551004449822,87.66033743018862,Software Developer
Engineering,"Business,Coding",61.42033234793003,64.17727961871002,70.98336353231142,Software Developer
Arts,Design,91.29088096922314,,100.21321755619917,UI/UX Designer
Science,"Law,Finance",66.68110278487643,67.00230744496682,72.81420559004584,Software Developer
Engineering,"Finance,Data",67.80605743284477,,,Software Developer
Science,Law,70.62363026229649,77.94757732,75.56980931084017,Software Developer
Arts,Law,83.76552188037172,81.18432376765563,91.45028595955786,Lawyer
Science,Law,89.14992001916717,,92.19200134509998,Software Developer
Science,Finance,86.66810243954028,81.93731230300827,,Software Developer
Arts,"Data,Coding",77.37933795955941,75.15038386,,Software Developer
Commerce,Healthcare,64.60654058,61.67178420374764,,Software Developer
Commerce,Law,63.36557589043739,65.80157141902758,,Software Developer
Science,Business,58.109063421461975,68.70042212125455,,Software Developer
Science,"Law,Coding",68.77794403517996,66.10677920346764,57.49012062360054,Software Developer
Arts,Marketing,67.92674580422664,65.86993377716834,73.51876262165214,Content Strategist
Engineering,Business,67.01287387,,,Software Developer
Arts,"AI,AI",93.10262732,,85.50128408063915,Software Developer
Engineering,Business,67.72998782821512,71.52772314,,Software Developer
Science,Finance,71.13596507514252,65.32070264395693,,Software Developer
Science,Data,68.66917972252955,64.33017625398953,74.26938663685755,Data Scientist
Arts,"Data,Data",80.01948512994427,,,Software Developer
Engineering,"AI,Design",76.53370015669508,78.19089685360436,,ML Engineer
Engineering,Business,65.93929381781153,,,Software Developer
Arts,"Data,Data",96.97824522,93.85409100874969,,Software Developer
Engineering,Law,72.78552476563803,,80.00568805225963,Software Developer
Commerce,"Coding,Coding",71.05517865618468,74.88842487389662,81.79748913197892,Software Developer
Arts,Healthcare,74.28292454450634,78.92439463060502,76.08816483598099,Software Developer
Commerce,"Design,Business",67.60895551307826,77.27335189500607,63.16432975534015,Software Developer
Commerce,AI,78.58238452762532,77.85864305936313,82.57790167089227,Software Developer
Engineering,Marketing,84.61657809752892,81.31977309,,Software Developer
Engineering,Law,84.26380935117079,92.66750892,,Software Developer
Science,Design,63.14515676196677,70.39002411196087,,Software Developer
Science,"Marketing,Law",79.25732500540713,77.56042511344921,73.32308889532477,Software Developer
Science,Healthcare,66.17983884235846,,73.56865579022926,Doctor
Arts,"Marketing,Marketing",78.13853425765375,,,Content Strategist
Arts,Marketing,69.59849261811874,68.98579263372557,,Content Strategist
Arts,"Finance,Marketing",79.46154963895322,85.70785832814667,91.35772164785861,Software Developer
Commerce,AI,92.97475619327119,,97.42080584160914,Software Developer
Commerce,"Marketing,Finance",73.54974055841365,,,Software Developer
Science,Design,68.21150221225624,72.25249323,,Software Developer
Commerce,Marketing,91.97346192162065,87.86439682858355,,Software Developer
Engineering,"AI,Design",69.37467119929033,74.54152001068009,,ML Engineer
Science,"Design,Business",79.32915184445471,78.78111616854994,84.62772857259375,Software Developer
Arts,"AI,Coding",89.60682700230313,92.72031745348883,,Software Developer
Commerce,"Healthcare,Business",87.51665157,87.36099015508469,90.50136286198949,Software Developer
Science,"Design,Business",88.68497646436678,85.97551636166303,82.08514919625753,Software Developer
Engineering,Data,96.41850578,101.41622675344986,,Data Scientist
Science,"Business,Design",84.00653466199694,85.01918198465245,,Software Developer
Arts,"Healthcare,Finance",86.00318773653558,,90.78800665370207,Software Developer
Commerce,Business,76.71722761272831,,,Business Analyst
Engineering,Coding,71.82670039813615,67.47990304105527,,Backend Developer
Engineering,"AI,Design",75.37109526094886,,,ML Engineer
Engineering,"Healthcare,Finance",81.68135564192471,,,Software Developer
Engineering,"Marketing,Coding",81.7849565,87.43591755383933,84.21580340541254,Software Developer
Science,"Coding,Design",68.64790050506231,73.10841471910436,,Software Developer
Engineering,"Business,Law",87.52287453294305,86.40348657601527,77.64900377,Software Developer
Science,Coding,94.94023239,,101.53232800214982,Software Developer
Arts,"Coding,Coding",62.059404044829634,58.599530537462186,,Software Developer
Engineering,"AI,Healthcare",69.19752026424476,71.63085206202128,,ML Engineer
Engineering,Business,95.86247357084441,87.92320483,87.71759566449299,Software Developer
Science,Finance,62.92321283539006,63.33582282114021,,Software Developer
Arts,"Marketing,Design",69.13615761556007,,,Content Strategist
Engineering,"Business,Marketing",89.89389872354695,93.66922593941037,,Software Developer
Arts,Marketing,64.23300013998448,54.06613976686309,,Content Strategist
Arts,"Law,Coding",74.09692299920798,,,Lawyer
Science,"Marketing,AI",60.521805263762175,63.07696303613058,61.89627874161458,Software Developer
Science,Healthcare,86.72710624061948,79.81287192707642,,Doctor
Engineering,Design,80.13964407353136,85.65774357933117,89.77722961353756,Software Developer
Engineering,Finance,76.75599113481839,85.27508271933195,83.76345619366052,Software Developer
Commerce,Finance,62.65460643991447,59.198227973190654,,Finance Analyst
Engineering,"Design,Coding",72.18799669285616,70.38313158047312,,Software Developer
Arts,"Healthcare,Finance",84.57449997763483,88.11980614474797,,Software Developer
Arts,"Business,Marketing",68.21097676922808,,,Software Developer
Science,"Marketing,Coding",88.49794979108857,89.93879537480827,102.02357066503328,Software Developer
Science,Healthcare,96.61451570472538,89.96544602172186,,Doctor
Arts,"Finance,Healthcare",60.976186824394894,,55.77304201223551,Software Developer
Science,Data,67.78751708170786,64.50161578758515,69.00543100754813,Data Scientist
Science,"Marketing,Coding",62.22193744928833,,,Software Developer
Commerce,"Healthcare,Law",82.05099246779409,83.26131143600583,,Software Developer
Arts,Design,90.30324008789836,82.40853796054527,94.96949351,UI/UX Designer
Science,"Law,Finance",71.44042024836918,,80.79301022813564,Software Developer
Science,Design,67.38892870917206,67.33798698770373,75.22495643177753,Software Developer
Arts,"Business,Business",60.98821541202931,60.95811965575306,52.347267050588236,Software Developer
Engineering,"Law,Data",78.74476299,,66.75644699173584,Software Developer
Arts,Data,61.758946196671815,,67.96075470288186,Software Developer
Engineering,"Coding,Finance",93.19515788600565,98.56590091031396,,Backend Developer
Engineering,"Business,Law",66.02096026007918,63.08227383995447,,Software Developer
Commerce,Coding,61.22618828542339,62.00480136210346,,Software Developer
Arts,Data,57.902811805587966,,,Software Developer
Commerce,"Data,Finance",78.64854411084949,,,Software Developer
Commerce,"Coding,Marketing",66.34572815405728,61.03012861802503,61.40053398303307,Software Developer
Arts,"Finance,Law",64.60868085838375,66.65645566,,Software Developer
Science,Design,73.50043729620458,67.04470348409444,68.73439887722961,Software Developer
Commerce,Healthcare,74.75445592423283,,,Software Developer
Engineering,"Law,Law",61.27262001060233,59.96424101788592,,Software Developer
Arts,Law,76.98388395765248,,,Lawyer
Science,Business,89.52969577,83.14395908246463,,Software Developer
Science,"Coding,Law",70.99069011561323,,,Software Developer
Arts,"Data,Marketing",64.19529045,68.11970007733639,59.59437304961647,Software Developer
Engineering,"Marketing,AI",77.52576614479031,71.91604207,77.16074123184194,Software Developer
Science,Finance,90.30179375860388,,92.57588754283097,Software Developer
Science,Law,83.60878475801212,,87.59833244,Software Developer
Science,"Marketing,AI",69.24859724165582,64.21658702,74.93705636582654,Software Developer
Engineering,Business,75.28554742447618,76.71710102047669,,Software Developer
Arts,"AI,AI",97.04649314912967,98.46106761,,Software Developer
Engineering,"Marketing,Business",80.97818287553173,74.67610134185675,,Software Developer
Engineering,"Law,Finance",64.45235503351239,60.91102987827167,,Software Developer
Engineering,"Law,Business",62.48924639747783,65.92970343234822,54.48710839302476,Software Developer
Arts,Data,60.816027965102435,,69.69449747447803,Software Developer
Commerce,"Marketing,Design",74.26022065033575,,79.23701602263145,Software Developer
Commerce,Business,65.90777035693503,71.48831881602256,61.33961324924138,Business Analyst
Commerce,Finance,58.50071416,,,Finance Analyst
Science,"Healthcare,Design",82.84486526299726,75.47004360836631,86.24073192466436,Doctor
Arts,Business,70.56509302121651,60.298908662471426,74.42684768604894,Software Developer
Engineering,Law,78.22990228793913,,,Software Developer
Arts,"Coding,AI",64.28525008283924,58.36774830685313,71.40151615898229,Software Developer
Arts,Law,60.96656477522149,59.24566372,62.30330473,Lawyer
Commerce,"Business,Coding",84.52744666523824,80.23050517,,Business Analyst
Commerce,"Marketing,Healthcare",84.77892298857958,84.70201069217792,,Software Developer
Science,Business,65.34217437207886,68.44609519445285,,Software Developer
Arts,Business,85.41610091004938,86.11037499,,Software Developer
Engineering,"Marketing,Design",80.90409076959585,,,Software Developer
Science,"Marketing,Finance",87.68001019114493,80.99701921587062,75.48878595225386,Software Developer
Science,"Marketing,Healthcare",90.25684295268103,97.79200999960406,89.64305654415115,Software Developer
Commerce,"AI,AI",87.60774978520791,91.96313305848776,85.05461193979656,Software Developer
Science,Business,74.76368369191728,,,Software Developer
Commerce,Coding,68.86263364925836,71.62462976862598,,Software Developer
Science,Business,81.50808557357006,,,Software Developer
Arts,Business,75.7214607,75.52366750719378,70.27503794953297,Software Developer
Science,"Marketing,Marketing",68.16403814210489,,62.499228697247574,Software Developer
Science,"Coding,Finance",83.06337028082633,,81.12667034593943,Software Developer
Arts,Finance,73.25372700248941,70.3776089,,Software Developer
Engineering,"Data,Data",86.32845196553731,87.19719877380739,,Data Scientist
Arts,Coding,85.07844992,,81.76052437,Software Developer
Engineering,"Data,Coding",71.06063061427639,73.1336487,,Data Scientist
Engineering,"Law,Coding",96.12720237630708,94.72947324197278,94.90403831770263,Software Developer
Commerce,Coding,89.00493017107902,89.73170941452534,92.92110266737669,Software Developer
Engineering,AI,73.42728456607745,67.27369761875977,78.9750052,ML Engineer
Arts,"Finance,Data",95.53121486785848,88.89287670480772,89.73474832102671,Software Developer
Engineering,Business,82.61083323866671,78.47204196681867,,Software Developer
Arts,"Healthcare,Finance",87.69128513882616,84.77012240627757,,Software Developer
Engineering,"Coding,AI",91.18409768978049,84.52803673,90.39833475071123,Backend Developer
Arts,Data,57.2799619,57.480863315153655,71.71415289484555,Software Developer
Science,"Business,AI",81.13171350590179,87.06205723830826,80.91663135887248,Software Developer
Arts,"AI,Coding",66.05044007242797,,66.86641407419533,Software Developer
Science,"Coding,Data",83.37011631228324,,77.11752018139688,Software Developer
Engineering,Design,92.23223071,,,Software Developer
Arts,"Design,Marketing",61.512862602365644,,53.19400897639865,UI/UX Designer
Arts,"Business,Data",75.57253544499943,64.73269931064522,,Software Developer
Science,Marketing,73.34050426762697,65.78356977293048,64.46360588383646,Software Developer
Arts,"Healthcare,Finance",60.68471416488016,,,Software Developer
Arts,"Business,Coding",77.53389795581278,74.47366630822712,,Software Developer
Science,"Data,Marketing",85.67526277881508,80.08378283075751,83.82623811538744,Data Scientist
Engineering,"Data,Data",99.10134386126825,88.70649265503229,103.27891633380513,Data Scientist
Arts,"Design,Finance",70.58791978676427,,,UI/UX Designer
Commerce,"Data,Coding",70.12171670797963,65.54818695785126,68.83927600739366,Software Developer
Engineering,AI,78.80498831083325,75.22659423001826,,ML Engineer
Commerce,Business,72.56133772888461,67.38796881617306,,Business Analyst
Commerce,"AI,Finance",81.30813522605102,,,Software Developer
Science,Data,58.229582677233985,55.927194517806235,,Data Scientist
Science,Coding,76.05403997745611,72.04821669311548,70.24389328944672,Software Developer
Science,"Marketing,Law",72.65257840101133,75.50009780542129,71.70456026284123,Software Developer
Science,"Marketing,AI",87.69135932643749,,,Software Developer
Arts,"Data,Healthcare",68.46917243419952,74.65115920665976,,Software Developer
Arts,Finance,74.73491047533315,80.20797822,,Software Developer
Commerce,Data,72.00788821475582,,69.93925332855994,Software Developer
Science,"Healthcare,Design",64.23347260412345,67.32579466957259,70.67445866,Doctor
Commerce,"Healthcare,Coding",64.92799644778297,,69.81596452938173,Software Developer
Commerce,Design,67.32486767925411,64.41840928628987,70.50193314376449,Software Developer
Science,"Finance,Business",84.88545291943979,89.49545705166987,,Software Developer
Science,Law,84.39585401038399,75.19975955810325,89.56029155116835,Software Developer
Commerce,AI,68.61430560312898,70.75731812444292,77.73475919042129,Software Developer
Engineering,Law,81.66656255671906,73.23145509066875,,Software Developer
Science,Law,67.81874399,67.77738259,,Software Developer
Science,Design,78.46899968764266,77.31319815569971,79.01629562029031,Software Developer
Science,"Finance,Finance",66.88422534320961,71.02731455233757,66.45843510555582,Software Developer
Science,"Design,Healthcare",64.423438,56.95259810577175,65.11724153758279,Software Developer
Science,Marketing,80.72607275599283,,90.14622611,Software Developer
Science,"Law,Finance",82.58874707847993,,,Software Developer
Arts,"Finance,Law",68.33625695579676,61.590277023339574,58.508618879187736,Software Developer
Science,"Design,Law",66.83859642148539,62.33013371735892,60.32057868783808,Software Developer
Science,Design,74.23648591744252,73.25832451040023,83.09963413627614,Software Developer
Arts,Law,62.88394324,71.51405129443688,,Lawyer
Engineering,Data,98.33497454825822,,,Data Scientist
Science,"AI,Marketing",62.759493157328954,,,AI Researcher
Commerce,Coding,71.06264468541175,68.87637532931264,70.5390502,Software Developer
Commerce,"Data,Design",58.63079594721821,,,Software Developer
Commerce,Business,74.90518390844717,68.48411250282892,,Business Analyst
Commerce,Finance,67.93805715218153,69.92662096128021,,Finance Analyst
Commerce,"Law,Design",91.56190212938834,86.63230221098803,98.13611332518501,Software Developer
Commerce,"Healthcare,Design",93.68813639065532,85.94101841100152,,Software Developer
Engineering,AI,90.65939486774825,90.93500534,98.97814052791725,ML Engineer
Science,"Coding,AI",62.318110476079156,66.38904561727534,,Software Developer
Arts,"AI,Marketing",81.06995455483354,73.49282094240388,,Software Developer
Arts,Business,62.59352334054545,64.44408474122733,59.30612916297089,Software Developer
Arts,Healthcare,72.71646284314764,78.96818571596779,81.71930521133085,Software Developer
Engineering,"AI,Healthcare",72.22412714978545,71.80542511490025,69.94476094083471,ML Engineer
Arts,Law,84.96475128727295,,,Lawyer
Engineering,"Data,Business",72.63481934,71.78759103356768,,Data Scientist
Engineering,"Law,Coding",56.52552476732285,56.05001844174422,64.36265316306516,Software Developer
Commerce,"Data,Finance",81.75432233785787,,,Software Developer
Science,Law,79.04244088034845,80.53057830791279,,Software Developer
Science,"Finance,Business",78.45757161900356,75.44379537648508,,Software Developer
Engineering,"Marketing,Marketing",80.80912490285067,,70.72900998309593,Software Developer
Science,"Coding,Data",70.73492067612321,69.94039625381083,,Software Developer
Commerce,Healthcare,95.31178391745014,98.07437685832696,,Software Developer
Engineering,Finance,81.81377538,84.49356801183522,,Software Developer
Arts,Data,69.83682734403988,72.77701454,,Software Developer
Science,"Law,Data",62.68682607132367,57.23731720869074,51.50630841746881,Software Developer
Engineering,"Marketing,Design",80.14136107892652,83.97370191619565,69.77553922129613,Software Developer
Engineering,"AI,Finance",87.66103412311185,88.08231054485083,87.24677343719357,ML Engineer
Commerce,Finance,63.652521136069765,67.44050977167049,63.61767531802415,Finance Analyst
Commerce,"Finance,Design",64.85173546740782,,53.64794640812419,Finance Analyst
Commerce,Healthcare,69.87825889671933,,68.87913691864976,Software Developer
Engineering,Business,71.28768399895608,,,Software Developer
Commerce,"Law,Finance",67.02011469182904,70.64325011962991,63.664309407852244,Software Developer
Science,"Law,Business",65.39402453839412,60.809497450019805,54.539547748313076,Software Developer
Science,Design,82.11736719703504,79.16455197983323,,Software Developer
Commerce,AI,91.509728,,86.85676021612959,Software Developer
Commerce,"Business,Data",74.59976331658075,82.52474301961627,79.19434049139507,Business Analyst
Science,Data,77.01713217833395,,64.67858543666111,Data Scientist
Engineering,Marketing,75.23226155235842,70.26300086336303,,Software Developer
Science,"Design,AI",61.17553663346384,67.33112077054074,,Software Developer
Arts,Finance,91.71654308618704,97.07528991972147,,Software Developer
Commerce,Data,65.88140001532284,70.57429838251994,,Software Developer
Science,"Marketing,Data",61.183492571579784,63.54713988515368,,Software Developer
Science,"Coding,Healthcare",67.97867133751424,,70.96220749547363,Software Developer
Commerce,Data,78.63449176552562,,71.39915239,Software Developer
Arts,Marketing,84.94893873283104,91.05634110910358,,Content Strategist
Arts,"Finance,Coding",59.40210170490388,67.70946559182505,70.43159825191327,Software Developer
Commerce,"Business,Business",67.47533902,,71.15296793357624,Business Analyst
Science,Marketing,74.42327955343117,75.65841080600774,,Software Developer
Commerce,Design,57.212947230405426,66.48236122558487,60.732092629897515,Software Developer
Engineering,"Business,Finance",68.99666582270376,,,Software Developer
Commerce,"AI,Healthcare",68.48525385837668,76.52540377006805,70.87322109850615,Software Developer
Engineering,"Data,Law",62.62269670906808,57.933506909791845,,Data Scientist
Arts,Law,71.08510318252692,72.34775198515618,,Lawyer
Science,Finance,75.46534647667829,78.72771477738658,,Software Developer
Arts,"Law,Business",83.44068765649753,,86.46276230959594,Lawyer
Science,Data,70.86638385346144,78.20682923429607,,Data Scientist
Science,Data,84.15100132677634,,,Data Scientist
Arts,"Coding,Design",85.35978562,,,Software Developer
Commerce,Healthcare,70.76968871133354,,77.61753860271756,Software Developer
Commerce,Coding,70.62166176645977,60.14866641456595,67.58545000764833,Software Developer
Science,Healthcare,59.16579419271372,,51.53755418714324,Doctor
Science,AI,80.83155505060563,87.12314175,,AI Researcher
Arts,"Design,Marketing",64.07792999059687,,64.68613196,UI/UX Designer
Engineering,AI,81.64261314612065,,,ML Engineer
Science,"Business,Marketing",72.19872460096298,73.73710011084174,,Software Developer
Arts,"Data,Coding",81.75388526198947,,,Software Developer
Arts,"AI,AI",64.47682588235216,64.78688393086462,,Software Developer
Engineering,Finance,81.64418509081821,,,Software Developer
Commerce,Coding,89.69808557557073,,93.53693368941956,Software Developer
Science,"Data,Design",82.39828499645475,78.78354094043544,,Data Scientist
Engineering,Marketing,85.44545241,90.40243370733432,87.93404594911351,Software Developer
Engineering,Coding,85.70921036599059,78.96724086268377,,Backend Developer
Arts,"AI,AI",97.10266581872948,98.01350824600796,,Software Developer
Engineering,Healthcare,83.31377625363922,82.78233745167059,,Software Developer
Commerce,"Data,Data",62.59894260360066,64.67624907795863,66.25007289810453,Software Developer
Arts,"Healthcare,Coding",67.82642476070295,,,Software Developer
Science,"Data,AI",88.40948362173455,90.28566521803671,,Data Scientist
Engineering,Business,81.26904417568339,80.63878097457244,,Software Developer
Science,"Data,Marketing",88.00402367176775,90.18487758,89.56091140267222,Data Scientist
Commerce,"Coding,Coding",69.78334136898903,58.593881381052924,,Software Developer
Commerce,"Healthcare,Data",88.02067590320515,92.71250631,,Software Developer
Arts,Business,69.64204897774121,69.46362762169053,,Software Developer
Commerce,"Finance,Healthcare",91.14552597326728,98.85851020278795,102.0903874879357,Finance Analyst
Science,Data,89.14545998,83.79437524724185,,Data Scientist
Arts,"Design,Marketing",65.29627780970195,75.26653215667841,,UI/UX Designer
Commerce,Design,72.30583466194936,,,Software Developer
Arts,Finance,68.37687419,65.85982007827256,,Software Developer
Arts,"Coding,Healthcare",70.35018511510192,73.18650001881328,75.90280417,Software Developer
Science,"Coding,Data",83.36183218665413,,69.00295455481869,Software Developer
Arts,"Coding,Data",64.82155015161581,61.11611662218598,60.18013249650508,Software Developer
Engineering,Design,92.16209211,95.52692410385046,84.17439049133071,Software Developer
Arts,"Coding,Coding",97.61536720687687,,92.15387408,Software Developer
Arts,"AI,Design",74.89248045340914,,83.51023358735907,Software Developer
Science,"Design,Finance",81.04562895976093,81.07018587102259,,Software Developer
Engineering,"Design,AI",70.83155032826485,69.86282708493962,,Software Developer
Commerce,"Marketing,AI",83.47939963935534,77.55155953003022,,Software Developer
Engineering,Business,83.77941143906382,86.84916955800198,,Software Developer
Engineering,Marketing,65.85516771695231,64.02104348731851,,Software Developer
Commerce,Healthcare,90.66762944107829,92.15903893,,Software Developer
Arts,Finance,71.82634095440447,,66.60119340522398,Software Developer
Science,AI,89.8460492,97.89527634547187,82.05847630171459,AI Researcher
Arts,"Design,Data",93.06386623919191,,,UI/UX Designer
Arts,"Coding,AI",82.48552575165094,81.85729402364481,90.67872871431014,Software Developer
Science,Business,73.86762773015462,81.57227782887796,71.70895136600784,Software Developer
Commerce,"Coding,Law",56.32005622862878,67.16835802877615,,Software Developer
Arts,"AI,Law",79.55820787,85.21074918048707,,Software Developer
Arts,AI,84.56866987538453,93.96822221621257,82.09805180258455,Software Developer
Engineering,Healthcare,80.04084983560045,,,Software Developer
Engineering,"Coding,Finance",78.06596584102655,77.65971296669458,,Backend Developer
Arts,"Finance,Law",79.50230126876635,72.58132278,,Software Developer
Arts,Design,89.23081860863839,,88.00793416,UI/UX Designer
Arts,Data,57.08165425511349,62.519104148109875,,Software Developer
Engineering,Healthcare,90.05382068270134,,92.64697418964133,Software Developer
Commerce,Law,79.51960994,86.20406905945167,,Software Developer
Science,Marketing,81.70295711788917,83.38839534384036,,Software Developer
Arts,Data,75.63702556495971,,63.971912093825445,Software Developer
Science,"Data,Healthcare",67.31857338645156,59.44934635362546,,Data Scientist
Science,"AI,Finance",81.54137296,85.94720852853477,90.88821804,AI Researcher
Arts,"Finance,Finance",76.27966176752429,,75.38905292871777,Software Developer
Science,Business,88.81316814151191,88.31581283581309,76.86405734121179,Software Developer
Engineering,Design,89.34149684331612,85.31848645501478,99.76754216277286,Software Developer
Arts,Marketing,91.13794030271717,94.23917934969816,86.20261303077774,Content Strategist
Engineering,"AI,Finance",62.95486036565807,61.673944805683206,,ML Engineer
Commerce,AI,71.68388698196863,64.15791157683132,62.99120881259863,Software Developer
Arts,"Business,Finance",75.33112095867084,,,Software Developer
Arts,"Business,Coding",88.49865622147236,,85.61995558735589,Software Developer
Engineering,Marketing,74.83975281137403,72.58206346125476,67.32569715613653,Software Developer
Science,Design,84.21992293033276,,90.57602023,Software Developer
Arts,Law,68.97145944913026,65.76796343959593,,Lawyer
Engineering,"AI,Law",65.24382528188109,,61.90303123676095,ML Engineer
Arts,"Finance,Business",69.99877423,72.77965151152605,,Software Developer
Commerce,Design,81.60446560924292,80.27259479170671,81.36791752418253,Software Developer
Science,Business,95.35113360724486,87.23402096317623,82.08506944883047,Software Developer
Science,Law,87.06106460130408,87.76934167966333,87.88351875696102,Software Developer
Science,"Finance,Finance",64.35052463742863,,65.12763922022725,Software Developer
Arts,"Business,Law",64.57263567468976,,61.529161368357336,Software Developer
Engineering,"Data,Business",71.37098976317903,72.94807882284157,,Data Scientist
Science,"AI,Healthcare",65.73703304,59.55930094608614,,AI Researcher
Engineering,Coding,78.81305982,,71.47418163,Backend Developer
Science,Marketing,96.43193554787604,90.41256211343408,84.44803912915785,Software Developer
Engineering,"Coding,Marketing",64.51635840284995,,,Backend Developer
Commerce,Marketing,70.97903471765531,73.37085675854648,74.92496297,Software Developer
Engineering,"Coding,Coding",66.10377188812174,71.60969832,,Backend Developer
Science,"Coding,Finance",67.76801423812667,68.44562535945897,74.95247253120546,Software Developer
Arts,Design,75.89025620412583,78.98862916997432,,UI/UX Designer
Commerce,Data,92.51557865563954,86.58447741,,Software Developer
Arts,Design,65.76880627598467,67.01581874580503,69.77529610880572,UI/UX Designer
Engineering,"Law,AI",87.01973938235827,96.19888279356383,,Software Developer
Engineering,"Coding,Coding",76.27423348174221,,71.41691271478086,Backend Developer
Arts,Law,61.32679330656907,61.05867095092877,65.09599951234503,Lawyer
Engineering,"Design,Finance",82.80367724917703,82.31124551686862,,Software Developer
Science,"Healthcare,Coding",64.6515541,61.832293246856715,54.44906169321088,Doctor
Arts,"Business,Law",68.23951935181067,,,Software Developer
Commerce,Business,86.88848450907031,,,Business Analyst
Commerce,"Healthcare,AI",90.19858850026068,80.10685058,76.25070059913502,Software Developer
Engineering,"Business,Design",87.74809662769498,85.39753011149291,90.61291229474514,Software Developer
Arts,Law,78.37210933688779,86.83924574459009,,Lawyer
Science,"Marketing,Coding",66.40124931525567,,,Software Developer
Engineering,"Finance,Healthcare",93.03170155901043,,,Software Developer
Commerce,"Data,AI",88.23080575925647,86.47113647603516,85.88125690153262,Software Developer
Arts,Data,79.25997741628244,77.11082827092847,79.82903452470852,Software Developer
Engineering,"Marketing,Business",68.47451443458687,65.24747104421863,74.12754858086596,Software Developer
Engineering,"Data,Design",82.30286024758773,81.48391965967541,,Data Scientist
Science,"Coding,Business",91.85309889059465,90.20918889144197,,Software Developer
Engineering,"Healthcare,Marketing",82.58069429110805,85.56381050403837,73.81574307228443,Software Developer
Science,"Business,Marketing",81.91775647024761,,76.31539370335716,Software Developer
Commerce,"Business,Healthcare",59.44334313,58.73370906956865,,Business Analyst
Engineering,"Marketing,Law",88.70419456555072,81.05899471,,Software Developer
Arts,"Healthcare,Law",75.39321091028754,,79.70267486360154,Software Developer
Arts,AI,77.55161971,82.76581432134104,,Software Developer
Engineering,Business,88.04405466888012,96.56051155311539,86.61953919172473,Software Developer
Commerce,"Design,Design",85.09964222613726,85.03608008804706,,Software Developer
Arts,Marketing,73.02502117,73.85814025393667,,Content Strategist
Science,Marketing,64.17758161262743,60.358998294263806,75.92037967885054,Software Developer
Science,"Business,Business",82.37753311441695,79.87031254325622,,Software Developer
Engineering,Law,73.48736770757941,70.27955487,,Software Developer
Engineering,AI,72.49730733761959,,,ML Engineer
Engineering,Marketing,65.41007798215381,,,Software Developer
Science,AI,78.99872460968251,81.70880515640654,81.52343536,AI Researcher
Commerce,Data,89.17915186,88.67297778508797,81.04786051754611,Software Developer
Arts,Data,91.78459064632345,93.49534855263612,90.48182569280561,Software Developer
Science,Coding,96.38524071204446,94.31140909032143,,Software Developer
Engineering,Business,86.33304747791472,87.70368923185379,82.21263000923629,Software Developer
Commerce,Law,97.66444709398203,,,Software Developer
Arts,Data,59.98184741963241,65.83833226530102,69.81624821012224,Software Developer
Commerce,Healthcare,78.96165757146947,75.84003251311512,73.79641938,Software Developer
Engineering,"Law,Design",79.53749395148692,75.74848138,,Software Developer
Arts,"Business,Law",94.24636503742146,90.68283961615349,83.03821692,Software Developer
Arts,Finance,78.81948619,72.52300179409703,85.78186150633103,Software Developer
Engineering,"Healthcare,Finance",65.82440572035344,61.69505449879817,,Software Developer
Arts,Marketing,95.82261323892081,99.59482923208913,,Content Strategist
Science,"Business,Coding",64.92536675892393,67.77221959297673,71.91021488715015,Software Developer
Science,"Design,Law",93.25468288091301,,87.05109241574085,Software Developer
Engineering,"Business,Healthcare",82.40773032830381,,89.95822972841155,Software Developer
Arts,Business,89.34434613,91.85006885079265,,Software Developer
Commerce,"Law,AI",82.34748514831811,,,Software Developer
Commerce,"Marketing,Business",81.13750334462098,78.88234690834109,74.20596546,Software Developer
Commerce,"Marketing,Healthcare",72.38788607036568,,,Software Developer
Arts,Marketing,97.43889480697607,88.60893396251997,102.05758067703731,Content Strategist
Commerce,Business,78.45362034857295,,,Business Analyst
Arts,Business,82.84483514936151,78.73361052348417,,Software Developer
Science,"Design,Law",81.76930037838423,84.02077094259622,84.20708608842058,Software Developer
Commerce,"Design,Data",89.34737351509101,97.10441746941763,84.11305374,Software Developer
Arts,Healthcare,69.58534341272207,77.80146398,81.87611379458076,Software Developer
Science,"Healthcare,Finance",76.04630590402384,71.39345873,,Doctor
Engineering,Design,63.28567797865926,64.85413058977322,66.40615229781002,Software Developer
Science,"Healthcare,Business",59.21342454618902,58.03910434366566,65.46807354945648,Doctor
Commerce,AI,76.76369568341121,77.99185506247439,,Software Developer
Science,"Law,Marketing",75.92455456,77.83700695,,Software Developer
Science,"AI,Design",96.46434104076438,97.79478734341669,,AI Researcher
Commerce,"AI,Healthcare",65.41437538172396,61.63368568010059,,Software Developer
Science,"Coding,Law",85.1467216,82.11806911190479,86.59759847736092,Software Developer
Engineering,"Law,Design",65.17036589709848,67.23534931525906,,Software Developer
Commerce,Coding,87.47386949396382,,81.06885115116803,Software Developer
Commerce,"Law,Healthcare",78.17997997,74.74586743610583,72.08710887974743,Software Developer
Arts,Marketing,78.72390541144117,,81.35855730902645,Content Strategist
Science,Healthcare,61.532863847961174,56.589073378272914,55.531094981850906,Doctor
Science,"Healthcare,Data",76.62496997338559,81.21423136499891,,Doctor
Commerce,"Marketing,Design",81.66102158413099,,,Software Developer
Engineering,"Marketing,Design",69.19006924731066,72.94920197367723,,Software Developer
Science,Coding,84.00474532427957,,,Software Developer
Arts,Finance,87.37727262811542,80.67055847664473,84.19448179131143,Software Developer
Commerce,"Marketing,Business",65.38679961990613,72.43605981117891,,Software Developer
Science,Design,87.17028874414862,,76.82863136105996,Software Developer
Science,"Data,Design",78.73536393294823,,,Data Scientist
Commerce,Healthcare,96.85141308,88.99607861416828,101.10248110281614,Software Developer
Science,Business,83.47706606984252,82.46520476037644,75.91916343,Software Developer
Engineering,"Coding,Business",64.11274320091181,62.25680709958446,,Backend Developer
Arts,"Marketing,Business",86.59041792036545,95.84466009928411,85.79346420830976,Content Strategist
Commerce,Law,89.73225416188016,,91.99547778204857,Software Developer
Engineering,"Coding,Marketing",56.667944226419635,57.96482179604878,61.71493468599685,Backend Developer
Commerce,Healthcare,67.81167629067292,72.41331143461417,,Software Developer
Engineering,"Finance,Coding",90.88821837513352,86.82239265271802,88.14498358645037,Software Developer
Engineering,"Data,Coding",67.56118410308618,,70.78689309430169,Data Scientist
Arts,"AI,Business",82.31234464017942,85.63577015067881,,Software Developer
Commerce,Finance,58.72580772721306,60.99216678734574,71.42772430190519,Finance Analyst
Commerce,"Finance,Design",98.97516786947332,89.57202879793127,87.94386676,Finance Analyst
Engineering,"Business,Design",84.04298380668604,86.72034152782231,,Software Developer
Science,Finance,68.71190047922687,67.12494949918646,75.53530573254092,Software Developer
Engineering,Business,88.66111080598682,96.59463775465191,,Software Developer
Arts,Design,79.38754922,75.53061799,73.28909049583274,UI/UX Designer
Science,"Healthcare,AI",86.99394244950923,90.80262806489543,99.19432089722471,Doctor
Commerce,Coding,66.04644377425127,,58.95332867474555,Software Developer
Science,"Design,Healthcare",78.24470354287757,78.72979387931167,72.50251732618682,Software Developer
Science,Coding,62.864695534807495,,64.40991943250496,Software Developer
Arts,"AI,Design",69.37048373741855,77.79800520606358,70.54791629201885,Software Developer
Engineering,"Finance,Business",75.45401140305584,68.66963581055947,,Software Developer
Science,"Healthcare,Business",64.65079591855512,,,Doctor
Engineering,"Marketing,Design",67.63868594,71.45610747624009,,Software Developer
Science,Healthcare,74.83017799037606,,,Doctor
Commerce,"AI,Business",97.27974946548726,99.15533484,,Software Developer
Science,"AI,Marketing",60.259130793496766,60.945255202444315,66.66676346495592,AI Researcher
Science,"Law,Law",70.90673072555259,60.09273958141561,65.8924234,Software Developer
Science,"Healthcare,Design",67.31130179330856,,,Doctor
Science,"Design,Healthcare",98.75134714003164,,86.13518760274839,Software Developer
Arts,"Marketing,Coding",84.92279593613685,,,Content Strategist
Arts,"Healthcare,Marketing",64.32507467197478,,70.14278658121633,Software Developer
Commerce,"Design,Marketing",69.03443692838437,60.46197301558101,,Software Developer
Arts,"Healthcare,Design",90.21491892068059,82.70732083736748,,Software Developer
Commerce,"Design,Marketing",83.20871644351249,84.98269769908684,,Software Developer
Science,"Marketing,Healthcare",77.62634315885248,77.87280146,70.91457033787806,Software Developer
Commerce,"Healthcare,Coding",90.45905823164598,90.98954364063252,,Software Developer
Arts,"Law,Business",59.63635105666284,64.06385997470787,62.86101015968289,Lawyer
Science,"Design,Coding",59.899273797558564,66.05137015290302,58.19938935830855,Software Developer
Science,Finance,61.37365555911451,61.33006751069655,60.835372346468176,Software Developer
Science,Business,72.04815812066533,73.96590130178751,,Software Developer
Arts,Marketing,71.97982836,61.85926032450544,,Content Strategist
Commerce,"Law,Design",86.96941313553359,89.83031332712156,81.38319674524506,Software Developer
Arts,Business,93.31155598023416,96.83334985881856,85.16731918826804,Software Developer
Commerce,Law,76.64687263315517,85.24766737111469,,Software Developer
Commerce,"Business,AI",94.50067664144058,88.13112843,99.71751426,Business Analyst
Science,Data,84.34182528490692,,98.96081251,Data Scientist
Engineering,"Design,Finance",67.64790896910392,,,Software Developer
Commerce,"Coding,Design",83.11377740945316,94.52635450622061,,Software Developer
Science,"Marketing,Law",83.68755076249722,90.91696313150254,76.81785223991487,Software Developer
Science,Data,82.27473865768079,76.96844391555501,81.16445386059323,Data Scientist
Engineering,Coding,98.55689828623312,87.36662702087922,102.74283028300377,Backend Developer
Engineering,Coding,67.06513843621005,61.57229760681461,,Backend Developer
Commerce,"Data,Marketing",93.97022835,,96.69883525201013,Software Developer
Commerce,Law,58.259989961061514,,,Software Developer
Arts,AI,67.49576025151786,,,Software Developer
Arts,"Data,Finance",95.62468882945988,,86.56773691982288,Software Developer
Arts,Finance,67.44606005759191,74.11146519013519,,Software Developer
Science,"Healthcare,Marketing",68.04070943185869,59.736908322529416,68.82179542999867,Doctor
Science,"AI,AI",63.09192641381527,57.09408347452044,,AI Researcher
Commerce,"Law,AI",60.64917840159764,66.46778258239283,67.44222053612718,Software Developer
Engineering,Data,71.80716062110325,,81.17920634513916,Data Scientist
Arts,Marketing,69.82788586217676,71.36765974951312,,Content Strategist
Commerce,"Finance,Healthcare",78.28068268092156,84.99009068520732,78.61079199019886,Finance Analyst
Commerce,Healthcare,59.68898994732046,59.83431470062986,,Software Developer
Arts,Design,66.20612246791453,61.57726863703351,,UI/UX Designer
Commerce,"Law,Coding",63.74188654983975,67.42315031,,Software Developer
Engineering,Business,85.14992774679676,84.23582734630696,85.07259088556515,Software Developer
Commerce,"Healthcare,AI",88.21343698233875,84.62313806028351,,Software Developer
Commerce,"Data,Coding",66.05688448924225,64.41000398818028,70.20655729486981,Software Developer
Science,Healthcare,73.48367574080658,69.71193918919666,,Doctor
Commerce,"AI,Law",65.72958572069939,,,Software Developer
Arts,AI,82.00025712533255,91.20308326042874,,Software Developer
Science,"Law,AI",55.67724953250517,61.66507385657106,,Software Developer
Science,"Finance,Law",84.83401558509712,84.17032652499222,,Software Developer
Commerce,Marketing,63.42732131720988,60.49643192,,Software Developer
Science,Data,64.90353813891097,60.47493283843623,69.62043123985535,Data Scientist
Arts,Law,86.15378920137843,95.69346917796338,,Lawyer
Arts,Finance,80.09953157794288,,,Software Developer
Arts,"Marketing,Business",89.62455964135013,,,Content Strategist
Arts,"Data,Design",61.84946486040718,68.69143561941706,66.67258452631737,Software Developer
Arts,Finance,62.424393550967736,61.45319408131553,,Software Developer
Commerce,"Finance,Design",61.86242387530433,59.976944406571974,,Finance Analyst
Engineering,"Law,Design",74.17968003931136,73.94140832,,Software Developer
Arts,Coding,59.20646035558503,66.04870073096842,54.53167966099902,Software Developer
Engineering,"Design,Business",89.15036490439658,93.41844007938633,95.53731657060118,Software Developer
Commerce,"Finance,Law",76.69543450115717,84.95998867920909,,Finance Analyst
Science,"Finance,AI",65.23959826745515,71.69541835286529,,Software Developer
Arts,Healthcare,91.82724213460767,86.10167004857402,89.59273429286527,Software Developer
Commerce,"Marketing,Business",92.75401305616813,,94.82771753748548,Software Developer
Arts,Business,92.39964514688299,84.94521640395178,,Software Developer
Commerce,"Law,Marketing",65.01791162670753,60.729553670043614,,Software Developer
Science,"Business,Law",87.84888602,95.57435841678486,94.19854783199743,Software Developer
Arts,AI,67.82833938469824,62.89046999497258,,Software Developer
Commerce,Healthcare,78.47005134629751,,86.59436987161686,Software Developer
Arts,"Healthcare,Business",86.50298563535674,85.18909448213043,93.80345062420032,Software Developer
Science,"Data,Marketing",71.89716468982527,63.27434979892223,,Data Scientist
Arts,"Finance,Coding",62.728680716435626,59.30089905319687,64.02391780352681,Software Developer
Commerce,"AI,AI",67.48167656247132,73.62279216231069,,Software Developer
Science,Law,79.25984028,,,Software Developer
Science,Coding,90.81143573,91.45443304967067,,Software Developer
Commerce,"Business,Healthcare",64.48978990979225,69.80356306612087,56.57360835366555,Business Analyst
Commerce,Law,72.76982041861451,71.21817126220942,,Software Developer
Arts,"Coding,AI",83.73363504574525,,,Software Developer
Arts,"Law,Data",65.92940029793868,55.006076653932546,68.98322197997427,Lawyer
Engineering,"AI,Data",95.78434496,99.57473142958099,96.30801516392295,ML Engineer
Commerce,Finance,97.26015491415467,98.64835980361397,,Finance Analyst
Arts,Design,63.94093111476138,,71.31955226646515,UI/UX Designer
Engineering,Law,78.38977279445064,74.73443893690045,,Software Developer
Engineering,Finance,90.17807505723594,89.74789032872984,90.80891795524909,Software Developer
Science,"Law,Business",82.86084497228252,86.01699655124628,74.76040796982434,Software Developer
Commerce,"AI,AI",60.169186533177594,63.024566031636226,,Software Developer
Arts,"AI,Finance",86.93495118529256,84.63929779143959,,Software Developer
Engineering,"Business,Business",82.81547841703636,88.80842411554646,,Software Developer
Science,"AI,Business",75.34919177134825,71.83202757498547,,AI Researcher
Commerce,Data,78.21957554787751,77.51553785301014,,Software Developer
Commerce,"Coding,AI",96.22313976,,,Software Developer
Science,"Marketing,Finance",87.05984730719558,83.04415796,,Software Developer
Arts,Law,81.23804809475627,79.83487820576111,,Lawyer
Engineering,Marketing,57.20337000220952,60.839281716835096,53.08333742971508,Software Developer
Science,"Business,Healthcare",84.33085087609375,,91.37462367644324,Software Developer
Engineering,"Healthcare,Business",68.04830104567596,68.65188899336046,53.51134996246507,Software Developer
Science,Design,68.40626119719137,62.97664208790046,,Software Developer
Arts,Business,75.40350089,76.27231614433471,,Software Developer
Arts,"Business,Marketing",77.62720818756586,,90.34571355016938,Software Developer
Engineering,Business,63.43605807732429,,,Software Developer
Engineering,"Finance,Healthcare",63.38533684,70.68577553,,Software Developer
Engineering,AI,89.60080168259461,97.03920491352052,93.59706845,ML Engineer
Arts,Healthcare,92.80635075991812,97.46784719099031,,Software Developer
Arts,"Business,Data",83.15377519903483,72.16901143924531,,Software Developer
Commerce,"Marketing,Finance",64.27358817322741,65.25754768586856,63.497459046999005,Software Developer
Arts,Data,76.00705063181513,70.11114956202198,73.52549443604042,Software Developer
Science,"Healthcare,Law",73.80873669863763,78.65929524289565,,Doctor
Science,"Finance,Marketing",61.11182172,60.351653656216186,67.07320717348414,Software Developer
Engineering,"Marketing,Data",79.29703749920746,84.14004338,,Software Developer
Science,"Marketing,Finance",82.22696736109583,85.00916228486042,79.90397322,Software Developer
Engineering,Coding,70.81727787989627,77.56627724311258,,Backend Developer
Science,"Business,AI",77.93750275236367,77.91700132970048,79.27188232,Software Developer
Commerce,Healthcare,85.00204665208484,,83.35674988,Software Developer
Arts,Design,77.92046675416033,77.27981773304857,,UI/UX Designer
Arts,"Data,Finance",81.20560461834113,,,Software Developer
Science,Healthcare,83.90615626655006,76.86084707427423,70.551383,Doctor
Science,Healthcare,67.26825198860206,,77.86497255781248,Doctor
Engineering,"AI,Marketing",77.04623036065654,80.50030795583767,76.68861419307797,ML Engineer
Engineering,"Marketing,Business",78.76481341145268,71.77836338010576,,Software Developer
Commerce,"Business,Coding",67.38689036350982,,55.98884147457568,Business Analyst
Commerce,Design,63.30621208353197,,64.98782533388386,Software Developer
Commerce,Law,75.16630121754348,79.90417139421851,,Software Developer
Arts,Business,90.11706528923303,90.59518739,,Software Developer
Science,AI,69.79643903484629,71.86257976404893,82.32401683999566,AI Researcher
Arts,"Marketing,Business",87.19223050497224,84.90643453114889,87.42085663,Content Strategist
Commerce,"Marketing,Coding",90.70180276794783,95.57211834972568,84.07777116855064,Software Developer
Engineering,"Design,Coding",66.74687293935489,69.04488615677865,,Software Developer
Commerce,Business,87.64107964,91.18645882865877,87.05611530442425,Business Analyst
Science,"Finance,Design",89.36818463835968,,93.08662947822765,Software Developer
Science,"Marketing,Finance",84.00124853338309,,82.08718621392656,Software Developer
Science,"Business,Data",64.90493044879871,74.13432913,,Software Developer
Engineering,Marketing,67.10343138720981,68.52453735241507,,Software Developer
Engineering,"Finance,Law",69.50040069526253,71.68018435,,Software Developer
Commerce,Marketing,86.93432081910508,84.37408017553979,,Software Developer
Engineering,"Business,Design",58.147544803710176,56.849695604587126,55.638224455767066,Software Developer
Arts,Design,73.99888621498225,,73.88906871736293,UI/UX Designer
Engineering,"Marketing,Law",82.79196506402712,,80.22340245110178,Software Developer
Science,Finance,73.43008933145147,73.86632944631441,,Software Developer
Engineering,"Business,Healthcare",69.09052187016307,70.28672148260402,71.73928790702317,Software Developer
Science,Law,93.67248052523982,89.19721202183743,90.84522655360048,Software Developer
Engineering,Marketing,65.25512897753063,,,Software Developer
Arts,"AI,Coding",81.66158990024616,87.37162366509574,,Software Developer
Science,Law,75.98529028576613,77.40011686106952,,Software Developer
Arts,"Coding,Data",66.96779528407947,,,Software Developer
Commerce,Coding,78.95047173910382,,,Software Developer
Commerce,"AI,AI",78.02799583013068,,90.28279898407202,Software Developer
Science,"Business,Business",91.62484812,96.04672753676424,,Software Developer
Commerce,Finance,82.82073110292562,77.85271663131444,91.65393188651484,Finance Analyst
Science,Coding,74.69629687547007,78.06117634929814,,Software Developer
Science,Business,67.92401348489675,69.87845597709104,,Software Developer
Engineering,Marketing,81.41090153591085,83.96367899981296,74.67914711598218,Software Developer
Arts,Healthcare,97.08248617714935,,103.74836765532926,Software Developer
Science,"AI,AI",78.59233803873958,78.68494850120265,,AI Researcher
Science,"Finance,Data",77.22680503136829,71.99897421459653,78.34879008700574,Software Developer
Engineering,Law,63.23745830215499,62.54006191138186,,Software Developer
Engineering,"Design,Data",77.10363116,74.34646861485267,,Software Developer
Engineering,"Design,Data",85.60454401055469,90.39425144,,Software Developer
Commerce,Healthcare,90.90746822316841,99.60653697,,Software Developer
Commerce,Law,92.64133874719228,93.24847711078094,86.07408669757737,Software Developer
Arts,Design,61.33171429674221,56.91517713565111,66.31849291652448,UI/UX Designer
Engineering,"Design,Healthcare",93.70367067066232,,82.44915009,Software Developer
Commerce,"Data,Design",72.99120842334085,71.83036356037398,76.14266976,Software Developer
Commerce,AI,73.86380455,80.70002987343175,,Software Developer
Science,"Law,Finance",72.47280522467456,,78.68009507533844,Software Developer
Commerce,AI,72.50188193881921,63.52871209830209,,Software Developer
Engineering,Marketing,77.54336358,76.00419384044535,,Software Developer
Arts,Marketing,83.64336756698944,81.52408529018705,74.77431036260128,Content Strategist
Commerce,Finance,79.81617053396336,85.83474636737922,,Finance Analyst
Science,Healthcare,86.55220351359122,92.06581104315079,,Doctor
Science,Data,86.05362239894502,,85.49239618,Data Scientist
Engineering,Business,82.33864377063256,79.58659509803472,,Software Developer
Commerce,Marketing,90.13558796,95.90420867,,Software Developer
Engineering,"Finance,AI",75.45548620120813,,80.62701018221722,Software Developer
Commerce,AI,65.23783405,55.372489597014024,,Software Developer
Engineering,"Finance,Design",80.47572873064428,78.67096350779458,,Software Developer
Commerce,"Law,Healthcare",63.918891083887054,72.51237089,,Software Developer
Science,AI,94.75642889606209,92.73484487936118,83.37181315980655,AI Researcher
Science,"Data,Law",61.99925384332258,,,Data Scientist
Arts,Law,87.51176523536913,85.74419396,80.18245367267886,Lawyer
Commerce,AI,92.21019726234691,,,Software Developer
Engineering,Healthcare,73.24636427864144,67.16052974484178,79.9281207,Software Developer
Arts,"Coding,Coding",97.99652564439292,100.47771543406876,,Software Developer
Commerce,"Design,Design",88.51076749723802,,,Software Developer
Science,"AI,Business",95.58630611,,91.93079279346517,AI Researcher
Arts,"Finance,Healthcare",91.29228190698056,,84.50419705906359,Software Developer
Science,"Finance,Law",75.28596176007883,78.99125900696173,,Software Developer
Science,"Law,AI",61.91110265373988,58.81368637858835,,Software Developer
Engineering,"Healthcare,Marketing",65.95770519834247,64.24551770644202,74.31513898281084,Software Developer
Science,Marketing,94.35028225411449,93.99066921191039,101.84913652783453,Software Developer
Science,"Design,Law",81.04142214219377,,74.41019681219764,Software Developer
Science,AI,95.96436852,,,AI Researcher
Science,"Marketing,Coding",91.85879745974066,,,Software Developer
Arts,"Coding,Healthcare",72.74494462425801,75.82711468969951,74.25601159928553,Software Developer
Arts,"Finance,Healthcare",94.14509352,,87.71060659742945,Software Developer
Arts,"Healthcare,Design",64.75070000426977,57.43150509676566,,Software Developer
Arts,Healthcare,67.16528116533635,,69.83033366547868,Software Developer
Commerce,Coding,82.57526119205139,92.77242044229479,77.88221505467097,Software Developer
Commerce,"Law,Data",81.71994202,74.55604516136614,,Software Developer
Engineering,"Coding,Data",58.72739496539579,62.74365409154793,,Backend Developer
Commerce,Marketing,61.67133797739416,,,Software Developer
Science,"Healthcare,Healthcare",68.16453279,68.40401080002242,73.38954622545849,Doctor
Arts,Healthcare,69.49859650095867,,72.90699400846033,Software Developer
Science,AI,70.36164835476022,,,AI Researcher
Engineering,"Design,AI",93.74034561101428,94.42907578520308,,Software Developer
Commerce,"Healthcare,Data",77.20645080090675,,,Software Developer
Arts,"Coding,Coding",84.51502935757182,,77.48893823015742,Software Developer
Commerce,"Marketing,Healthcare",67.83714994007406,,61.13539020466697,Software Developer
Engineering,"AI,AI",75.49878981798417,83.92859704393005,,ML Engineer
Engineering,Design,56.071483855364036,56.46551946373955,,Software Developer
Arts,"AI,Healthcare",88.05886274295433,92.68904949948066,,Software Developer
Engineering,Data,66.48528100404302,65.01413170175641,,Data Scientist
Commerce,Coding,60.382931045862335,55.42250709764187,,Software Developer
Science,Coding,70.20989216934225,65.07640783,,Software Developer
Arts,"Coding,Data",70.47631347857241,64.57242713672308,,Software Developer
Engineering,"Business,Coding",66.88349140954053,,,Software Developer
Science,"Business,Coding",84.53508845676645,,88.88667932486626,Software Developer
Engineering,Finance,62.80836902573023,68.42129284491823,73.61955379196682,Software Developer
Engineering,Coding,62.70178842,,71.51582920944372,Backend Developer
Engineering,"Data,Design",65.77060521181173,,60.47857426248487,Data Scientist
Commerce,"AI,Marketing",83.94044202993977,83.15555544911538,,Software Developer
Arts,"Finance,Law",63.27870110145519,,,Software Developer
Arts,Law,76.24711885953926,,70.41516501,Lawyer
Commerce,"AI,Coding",64.04135899286045,55.11780339026478,,Software Developer
Science,"Law,Business",86.35073017047723,78.59679937280869,,Software Developer
Arts,Healthcare,65.45844948698755,,,Software Developer
Commerce,Business,85.94518360443014,85.88299215920682,,Business Analyst
Arts,Healthcare,76.63369725190742,82.24155450017656,78.53723611716667,Software Developer
Science,Design,90.01199468898419,89.94980436719678,,Software Developer
Science,Data,67.08500564415445,62.633988781490196,,Data Scientist
Science,"Coding,Design",93.54732332196134,88.21645067125182,,Software Developer
Engineering,"Coding,AI",61.29616338669181,65.86006897033339,,Backend Developer
Engineering,"Business,Healthcare",86.38116129880844,,92.81330958745379,Software Developer
Commerce,"Finance,Healthcare",92.79199694668365,87.6835303,83.39470943897918,Finance Analyst
Science,"Business,Healthcare",75.37658176038188,76.77071573341212,,Software Developer
Engineering,Law,81.21488824402124,,,Software Developer
Engineering,"Finance,Law",76.91357539252574,79.17525241532329,,Software Developer
Engineering,"Finance,Marketing",66.84869751718684,73.08901289461409,72.98008276875517,Software Developer
Commerce,Design,69.47518617246239,63.39038996534595,,Software Developer
Arts,"Coding,AI",78.23969288953911,,77.35773358,Software Developer
Engineering,"Law,Law",90.34433741057718,96.02234318418417,84.28260558287631,Software Developer
Commerce,"Healthcare,Coding",87.56499382,,,Software Developer
Commerce,AI,91.81988250421706,93.97930777514252,,Software Developer
Commerce,"Business,Finance",91.49513211957543,92.72452706,84.14086715785542,Business Analyst
Engineering,"AI,Law",64.59605966724509,73.48008185059794,,ML Engineer
Engineering,"Business,Healthcare",87.34304516809027,80.46553181477842,,Software Developer
Science,"Design,AI",61.34398718,65.05531128,69.5227313,Software Developer
Commerce,Finance,91.01675667053216,81.23201103246613,84.93875403058422,Finance Analyst
Engineering,Healthcare,77.69780206433136,,70.89124093580809,Software Developer
Arts,Healthcare,87.61595977,84.13140089917812,,Software Developer
Engineering,"Business,Law",90.90662856476254,,,Software Developer
Arts,Data,87.89285785050508,85.88798576720103,96.59393305,Software Developer
Science,Coding,62.610561254580716,67.08112143213123,60.37122750113093,Software Developer
Commerce,"Business,Business",71.36805484057255,,77.67142619206686,Business Analyst
Arts,Design,81.71031484382695,,,UI/UX Designer
Engineering,"Business,Marketing",80.58961200132562,84.77444393374726,,Software Developer
Commerce,"Coding,Law",75.27977966685141,,,Software Developer
Science,Healthcare,64.74945970942012,63.22688559031418,,Doctor
Science,"Design,Law",73.83658661181852,,67.21344314859273,Software Developer
Engineering,"Business,Marketing",68.96627322,69.91765847814953,80.46020810971747,Software Developer
Arts,"Finance,Healthcare",90.02418556021728,82.4900518,,Software Developer
Commerce,Design,83.00241918801008,,,Software Developer
Commerce,"Finance,Marketing",70.44362345815136,61.222847711031946,,Finance Analyst
Commerce,"Finance,Design",64.29601198818663,,72.23558094879942,Finance Analyst
Commerce,Design,78.79248544510058,77.02281608121832,78.06129662,Software Developer
Science,Business,86.12471064529598,90.21047040738614,,Software Developer
Engineering,"Finance,Marketing",75.52917950397386,77.48402076268812,,Software Developer
Science,"Marketing,Healthcare",78.84228358983242,74.57559201590212,76.28804335818396,Software Developer
Commerce,Coding,92.540831,97.42611040490208,86.23479761457914,Software Developer
Science,Law,87.29334639,85.59544636396457,85.20400460557947,Software Developer
Engineering,"Law,AI",73.41153460303313,81.81216141511601,84.81692778503921,Software Developer
Engineering,"AI,Marketing",87.43316689475347,84.75899688580317,90.84232712861461,ML Engineer
Engineering,"AI,Marketing",73.99636899309488,78.56980541059944,78.41052565295767,ML Engineer
Commerce,"AI,Coding",67.22350251197636,,70.44606049612227,Software Developer
Arts,"Data,Law",96.62184019091939,,,Software Developer
Science,Finance,56.60379200932664,65.17781556217989,,Software Developer
Commerce,"Data,Data",79.97308404848641,,66.88215666466577,Software Developer
Commerce,"Marketing,Design",85.20520983496243,82.84814157337087,91.85401140454555,Software Developer
Engineering,Data,75.86491424121286,82.09379512,79.74488850644246,Data Scientist
Engineering,"Design,Design",92.73202352,,,Software Developer
Engineering,Healthcare,83.06480862,,,Software Developer
Science,"AI,Business",66.60989065484576,72.32209574326956,66.44918128139884,AI Researcher
Science,"Finance,Coding",66.37894451991113,66.07979133836982,,Software Developer
Arts,"Finance,AI",81.59291724449636,,88.72611620677264,Software Developer
Arts,Healthcare,91.26871172510128,97.24511133156156,86.77371011534993,Software Developer
Arts,Finance,73.73292205732626,72.37176038519095,74.24011697165115,Software Developer
Commerce,Coding,95.87002901,87.95406598450379,90.54587365,Software Developer
Science,Data,86.62058287968041,89.47955996415027,79.72891913230568,Data Scientist
Science,Marketing,96.36427153906116,89.73598025582099,,Software Developer
Engineering,"Marketing,AI",75.30331332231015,85.62607340164821,,Software Developer
Arts,"Marketing,Business",87.97144383,,,Content Strategist
Commerce,Marketing,65.36894136528437,62.29657246805627,61.01573845054712,Software Developer
Arts,Marketing,94.85494851849245,84.56392602,,Content Strategist
Commerce,"Marketing,Data",92.98770159,95.63537474,96.70753018094891,Software Developer
Engineering,Finance,88.75837164,,87.36876170508586,Software Developer
Engineering,"Data,Coding",68.19610586883955,,,Data Scientist
Engineering,"Design,Coding",68.06348687347698,67.97333038811396,,Software Developer
Engineering,"Law,Business",70.85918332626738,81.58296134707373,75.13091805371441,Software Developer
Science,Data,64.98036726307753,61.17754826845122,68.69857570408192,Data Scientist
Arts,AI,85.19749316431837,84.11965546330482,98.69171452515967,Software Developer
Science,AI,92.25842294572149,,,AI Researcher
Commerce,Healthcare,74.86530318820108,,78.25492833259288,Software Developer
Engineering,"Marketing,Coding",79.75503811359663,,,Software Developer
Science,"Design,Healthcare",90.25625067609444,83.90256603603399,,Software Developer
Engineering,"Data,AI",82.57784255919232,,,Data Scientist
Engineering,"Data,Finance",91.46386915758006,90.83394361,87.54365086236027,Data Scientist
Arts,Marketing,70.46106857963939,,76.76336220875092,Content Strategist
Science,Finance,89.07954426738002,85.84438968,87.22005762426583,Software Developer
Commerce,"Healthcare,Finance",85.86571551938135,92.16720345060396,,Software Developer
Engineering,Data,78.50965438292752,83.78373122817757,80.86012652192792,Data Scientist
Arts,"Data,Business",72.84757326461398,,,Software Developer
Engineering,"Healthcare,Coding",57.95404004770539,,,Software Developer
Science,"Coding,Business",92.28747407704567,95.16879431075137,,Software Developer
Engineering,Coding,67.72264567466846,72.9377175,80.87989144788811,Backend Developer
Science,AI,88.61148802376091,82.99840069723247,85.06175920416084,AI Researcher
Arts,"Business,Design",81.05732219927744,,,Software Developer
Arts,Data,80.23466904091958,76.86048656803553,79.92330796531559,Software Developer
Arts,"AI,Marketing",70.16345634186078,71.40755840460038,,Software Developer
Commerce,"Design,Marketing",78.80550664267223,73.81693601666373,,Software Developer
Engineering,"Marketing,Design",89.63101476294577,92.16002193,,Software Developer
Commerce,Marketing,75.14610466,,76.16851270197992,Software Developer
Arts,"Data,Design",74.08590057312472,,,Software Developer
Science,Coding,81.44676845743709,86.92676030809415,,Software Developer
Engineering,"Coding,Marketing",68.31164602371373,66.29889041102794,63.93608152136036,Backend Developer
Engineering,"Data,Coding",60.96430406913585,68.91985751535373,60.63514850159322,Data Scientist
Engineering,Finance,68.14642183995669,68.49094626343008,,Software Developer
Engineering,Law,75.79581796433268,80.3426219,,Software Developer
Commerce,"Data,Finance",89.46685778992953,89.12444166679474,,Software Developer
Engineering,"Finance,Marketing",73.02382210293257,80.34583354037093,,Software Developer
Science,"Data,Business",86.96452209564194,83.40006441415679,,Data Scientist
Engineering,Data,76.59808760462597,74.24494213344883,,Data Scientist
Commerce,Marketing,83.35995240457152,,88.79589877845005,Software Developer
Science,Finance,76.23293424520146,67.27362262,63.453984752342905,Software Developer
Science,"Business,Law",87.30982843497942,91.38042519607322,86.16612940031375,Software Developer
Commerce,Healthcare,87.80996665550674,88.98692819,92.56585409004767,Software Developer
Commerce,"Law,Coding",83.15198828732446,,85.21926634,Software Developer
Commerce,"Data,Business",86.28779602090155,91.9334051,85.44550361717756,Software Developer
Commerce,"Business,Data",94.63218602715078,94.71099885795442,86.44119141,Business Analyst
Science,Finance,94.32905691128701,97.76712121662202,100.62374606364962,Software Developer
Science,"Design,AI",82.37843166271487,91.57882967668297,87.78831520406165,Software Developer
Science,Coding,90.24778006868088,93.41920031144649,,Software Developer
Arts,Healthcare,71.66297434991297,73.17435768367939,72.88662988,Software Developer
Science,"Law,Finance",84.22856453407034,74.23671813266222,78.08141015,Software Developer
Science,Law,62.370970553068005,,,Software Developer
Commerce,"Design,Coding",59.139253319244666,65.32151620597357,,Software Developer
Arts,"Finance,Design",79.54639190853591,81.38048221577067,,Software Developer
Science,Data,60.48829824252807,,55.265331990012406,Data Scientist
Commerce,Finance,87.97346517034039,97.96195527768569,91.97886099792146,Finance Analyst
Science,"Law,Design",75.11946148614425,,84.18010038726011,Software Developer
Arts,AI,89.12278370827282,81.73096659213459,,Software Developer
Science,"Finance,AI",63.211505710042864,56.95298604083416,68.13746350240653,Software Developer
Arts,Healthcare,81.40752288954222,76.09714054281832,,Software Developer
Engineering,"Data,Data",89.58501028061076,87.12790631423711,98.28573947720584,Data Scientist
Arts,"AI,Business",66.10942945226833,68.52658776378284,,Software Developer
Commerce,"AI,Data",96.07544967,,96.10300447153735,Software Developer
Arts,"Finance,Data",77.0589415,85.63077171267949,86.74507674172932,Software Developer
Science,Coding,78.83200222,,87.67997062325217,Software Developer
Arts,"Business,Healthcare",91.10750679736077,,,Software Developer
Science,"Business,Coding",89.66505172754664,92.85645380430212,,Software Developer
Commerce,Finance,87.39850804149151,84.67521775824977,,Finance Analyst
Arts,Design,71.22038742567263,,,UI/UX Designer
Arts,"Finance,AI",67.67896925039875,63.18701479518932,,Software Developer
Engineering,Design,85.70087128039037,83.72576328,76.47325360994529,Software Developer
Commerce,Marketing,63.74840617090865,,,Software Developer
Commerce,Law,58.67999499360269,57.37402672974413,,Software Developer
Engineering,Finance,94.78471939439129,89.56763977698432,,Software Developer
Arts,"Coding,Design",60.803068158660324,67.64012416356029,52.414890738465296,Software Developer
Commerce,Marketing,67.77016073876226,63.850736668948116,,Software Developer
Arts,"Coding,Marketing",69.45097278084951,73.41751759539966,,Software Developer
Arts,Design,97.54639410854764,95.7781013,91.19209434412869,UI/UX Designer
Commerce,Data,86.94839108120244,80.58116840678672,84.00004623415082,Software Developer
Arts,"Marketing,Design",63.13376630673547,,,Content Strategist
Arts,"Coding,Law",75.85398486,79.42147628495576,72.52810940782064,Software Developer
Commerce,Law,79.39531194687531,,66.53917750739934,Software Developer
Engineering,"Data,Law",80.92167866694449,73.88164001111612,,Data Scientist
Science,Business,58.37854803385608,,70.58411710014516,Software Developer
Arts,"Coding,Marketing",95.95878506878202,93.70921371622717,96.11659333164506,Software Developer
Commerce,"Marketing,Law",86.90761046674925,86.80881707414643,,Software Developer
Science,Business,91.56993104427217,91.25970443015186,80.96307584432323,Software Developer
Arts,Data,95.77865767764416,98.44350917297943,88.98026438880612,Software Developer
Arts,"Healthcare,Data",90.68345228938963,87.93489066908191,,Software Developer
Engineering,"Business,Data",68.59767863886398,64.92146777065054,56.442740411120695,Software Developer
Arts,"Healthcare,Finance",76.68467682043016,73.89096871362824,,Software Developer
Commerce,Coding,95.26548032219117,90.57920621729993,97.26503433043129,Software Developer
Commerce,Marketing,68.22411202,73.28681308522725,,Software Developer
Commerce,Healthcare,71.92854635721882,65.75117221587539,,Software Developer
Arts,"Healthcare,AI",71.11891620221787,61.33476968226492,57.89450941,Software Developer
Science,"Marketing,AI",95.11667346663612,90.26471044189913,90.28219861283107,Software Developer
Science,Marketing,81.40588012,,,Software Developer
Arts,"AI,AI",90.30971042184821,85.14730543837173,,Software Developer
Science,Law,69.92772945716638,64.82154226542534,,Software Developer
Science,Finance,57.81843654283456,64.65006989,59.18689718,Software Developer
Science,Marketing,69.47984397345189,,81.90341184144894,Software Developer
Science,"Law,Marketing",69.33735699722355,72.53681234114028,,Software Developer
Arts,"Data,Design",89.97945016719572,89.20382106,94.57342528686546,Software Developer
Commerce,Healthcare,62.16871812628055,,,Software Developer
Engineering,AI,73.45443679262017,73.77927138703436,69.68240435502581,ML Engineer
Engineering,Healthcare,79.48258613716105,78.36958206446658,,Software Developer
Commerce,Law,82.59466286686077,,,Software Developer
Commerce,Law,84.77890421394332,,,Software Developer
Science,Coding,72.05457199465826,71.17185453360082,,Software Developer
Engineering,Law,59.06533739770913,65.22224103419292,,Software Developer
Arts,Law,59.60443127,,,Lawyer
Engineering,"AI,Healthcare",86.21602429899465,91.10275423438496,78.99602289026595,ML Engineer
Commerce,Coding,77.48629104,,79.19313386319448,Software Developer
Engineering,AI,72.69650564067692,71.78752726685207,,ML Engineer
Arts,Design,76.57165738456213,84.99879514891273,,UI/UX Designer
Science,Healthcare,88.44154921348053,96.63173003157914,,Doctor
Science,"Business,Coding",80.99013434458028,84.06728490961777,88.02777854953567,Software Developer
Arts,Coding,75.85778376008038,,68.33047776381838,Software Developer
Arts,Data,73.76039581661863,,,Software Developer
Science,Data,93.54542075753443,,97.79715100396169,Data Scientist
Science,Coding,64.07083569482764,,53.500598904872746,Software Developer
Engineering,Data,93.12471413,89.67131481899924,100.21542772075264,Data Scientist
Science,"Business,Law",80.1771489,81.86075775,82.60767651,Software Developer
Engineering,Design,92.70661417390335,91.77928704897602,,Software Developer
Engineering,"Coding,Finance",89.23534503086177,94.5421238,,Backend Developer
Commerce,Healthcare,61.65862929504762,,,Software Developer
Engineering,"Coding,Healthcare",62.82576625673897,59.03221408,71.71268573773457,Backend Developer
Arts,Finance,69.74688039344943,70.94874433431207,72.33499450444093,Software Developer
Commerce,"Healthcare,Healthcare",86.85588517693935,,,Software Developer
Engineering,Marketing,72.16078160282873,66.12654506745879,74.54664967464461,Software Developer
Commerce,"Business,Law",76.87827102,75.61877431131232,,Business Analyst
Engineering,"Coding,Marketing",92.27669474476846,,86.58511942923346,Backend Developer
Arts,"Healthcare,Healthcare",56.660686679189354,59.372990321069665,,Software Developer
Arts,"Business,Business",85.22199702987439,85.45854366105875,,Software Developer
Commerce,"AI,Design",68.49592234042068,70.77737469,73.51181085375742,Software Developer
Engineering,Marketing,84.68776826,,,Software Developer
Engineering,"Coding,Design",86.57390242489241,84.94395587548037,84.01337452,Backend Developer
Commerce,Finance,90.18840704,,95.22167996639514,Finance Analyst
Engineering,Business,64.84454953255293,,53.04045346737711,Software Developer
Commerce,"Law,Business",60.48218707532234,63.343598554371894,70.24441897505493,Software Developer
Science,Law,78.96909033,82.39615235,81.29928478985853,Software Developer
Engineering,AI,94.45500632121501,87.78299737071893,100.4783597564008,ML Engineer
Arts,"AI,Marketing",90.08921052387883,,,Software Developer
Arts,Healthcare,86.19887569085198,94.82478059664336,,Software Developer
Arts,"Healthcare,AI",90.45151457108607,80.38200592685462,87.38813997460768,Software Developer
Arts,Design,92.06694598694563,88.28937093576806,100.8143774518532,UI/UX Designer
Commerce,Law,68.25412284302158,60.61494083704501,62.593014568600026,Software Developer
Engineering,"Coding,Data",83.6443526,87.69097205615499,,Backend Developer
Science,AI,93.19556576963726,92.25790883812118,100.08178310315947,AI Researcher
Science,"Coding,Finance",92.31399002151124,93.16826317726434,,Software Developer
Commerce,"Marketing,Marketing",74.12807300223417,66.39970489216783,,Software Developer
Arts,"Data,Business",70.09833780267216,,,Software Developer
Commerce,Coding,89.86000354402763,89.05186967528489,,Software Developer
Science,Marketing,76.9151254,83.27630333784695,,Software Developer
Arts,Law,59.13746675125042,59.584786321322035,,Lawyer
Arts,Finance,90.16058394,,,Software Developer
Commerce,Marketing,67.96867821571351,63.983391646471944,70.04833994660129,Software Developer
Engineering,Healthcare,79.65165834845219,,,Software Developer
Arts,Finance,84.67120533483049,79.42357143338933,72.55304529,Software Developer
Arts,"Data,Healthcare",90.03665630534393,,85.49110386781425,Software Developer
Engineering,AI,62.81277614100914,61.275758014559074,72.36381766,ML Engineer
Engineering,Marketing,74.69691219408065,63.738629673067805,,Software Developer
Engineering,Coding,68.34761178456208,61.97840883190244,57.205821395288375,Backend Developer
Science,AI,62.97239091936074,58.51501919076714,54.49510457600461,AI Researcher
Commerce,Marketing,83.65733496737055,,95.55021338,Software Developer
Arts,"Marketing,Finance",72.98309394093775,84.25763628865701,,Content Strategist
Commerce,"Marketing,Coding",88.88027759509734,87.19127630098365,99.85775643247295,Software Developer
Commerce,Design,64.93696970230343,,,Software Developer
Engineering,"Law,Design",71.56140473552033,,69.04790074,Software Developer
Commerce,Business,86.10800815275167,79.73853262588726,77.64676559238367,Business Analyst
Arts,Coding,69.79118324452797,66.70485678,70.93801207258302,Software Developer
Engineering,"AI,Law",66.76376525926986,78.40239862512351,71.51877068247273,ML Engineer
Engineering,Data,79.32017476882874,84.94580716814119,,Data Scientist
Engineering,"Marketing,Design",67.83709739,63.85696884366058,,Software Developer
Commerce,Design,94.95437010155014,,93.65033019411032,Software Developer
Arts,"Coding,Data",93.16864178082332,,98.57168164629859,Software Developer
Arts,Coding,63.69883344481579,63.23810854970081,,Software Developer
Commerce,Finance,91.62752709421291,88.97289571476996,,Finance Analyst
Engineering,"Marketing,Business",77.12213091,71.81142411521044,85.15999951,Software Developer
Engineering,"Business,Design",94.49128614877554,97.57708846396406,,Software Developer
Engineering,Law,84.15418604405488,86.61350202469757,,Software Developer
Arts,"Business,Data",88.41176989210314,88.12112399770507,,Software Developer
Engineering,Marketing,92.91280500604705,93.97779379329813,100.52274178663572,Software Developer
Science,"Business,Design",73.13815348001124,70.92819848554021,76.48467797741333,Software Developer
Arts,"Law,Marketing",70.62959688324685,78.43529583356322,61.92687402613904,Lawyer
Commerce,Marketing,88.22301550616247,,,Software Developer
Science,Healthcare,64.00069825361231,66.09079567353606,54.82996492133522,Doctor
Engineering,"Business,Healthcare",56.98139317637805,55.14734298443808,59.03619496057564,Software Developer
Engineering,"Marketing,Law",84.13104387038516,,,Software Developer
Arts,"Healthcare,Coding",81.49127193226451,79.85207717855644,74.45027769712425,Software Developer
Commerce,"Business,Business",69.40453510020502,76.26692348780828,79.26283274,Business Analyst
Engineering,"Marketing,Finance",69.58188852820643,64.48733041048128,,Software Developer
Commerce,"Design,Law",72.63092592734962,80.4461781,68.48396718940133,Software Developer
Science,AI,74.20430451140268,,,AI Researcher
Engineering,Law,79.10178354314888,,71.40386539934288,Software Developer
Science,Marketing,58.00575769,59.279242829000154,54.59345522334975,Software Developer
Science,Coding,73.08478227558714,,,Software Developer
Arts,Law,65.78615280619745,,58.97568991299681,Lawyer
Engineering,Business,65.73313230565398,67.71903556797292,60.39914803101206,Software Developer
Commerce,"Law,Marketing",62.280635251854186,,,Software Developer
Arts,Law,83.12177028218427,82.04863430943112,88.74581753291388,Lawyer
Arts,"Coding,Finance",59.074997599214264,,,Software Developer
Arts,"Data,AI",93.54765424269752,92.35328786740966,,Software Developer
Arts,AI,60.62152605123067,59.75358135171559,,Software Developer
Science,"Data,Marketing",78.67046967580613,,,Data Scientist
Arts,Healthcare,83.23513990151518,,89.82397427159904,Software Developer
Commerce,"Business,Data",87.35246086048332,81.2812379,76.58863362674671,Business Analyst
Arts,"Healthcare,Coding",70.11838658,75.67924060624296,,Software Developer
Commerce,Healthcare,70.32256055766007,,69.20674239851158,Software Developer
Arts,Data,71.46558969202712,70.61344687454833,,Software Developer
Arts,"Coding,Coding",95.79832180470252,,89.83121292640314,Software Developer
Commerce,"Finance,Coding",58.26403240490176,,,Finance Analyst
Engineering,AI,91.07698940343003,,,ML Engineer
Science,"Law,Coding",84.49728293614127,79.19922795,,Software Developer
Engineering,Marketing,90.02311671673714,90.57038781247591,,Software Developer
Commerce,"Business,Data",78.17032938193545,73.91716749061288,,Business Analyst
Engineering,Law,74.22476562176534,75.29151110385924,75.86614608664877,Software Developer
Commerce,Business,85.48219409094821,96.44361363704822,,Business Analyst
Commerce,Business,73.33300534462983,77.37236676793107,,Business Analyst
Arts,Marketing,85.62490024937566,93.86133387597724,83.78976950338601,Content Strategist
Commerce,"AI,Law",86.65195995169466,,,Software Developer
Arts,"Business,Law",76.45405958099668,65.99344729723727,,Software Developer
Engineering,"Healthcare,Data",83.73109500352855,,87.88770130076051,Software Developer
Science,Finance,81.14754607886485,81.08230425971843,92.17612079345446,Software Developer
Arts,Marketing,96.00653750015566,92.05944892427785,96.59283376208695,Content Strategist
Commerce,"Marketing,Marketing",59.98505906,57.957630900217055,59.54092397321955,Software Developer
Commerce,Healthcare,73.09594511889136,74.79301930066211,,Software Developer
Science,"Law,Design",60.225757726222525,,72.10782650008449,Software Developer
Engineering,"Data,Design",59.595237508138396,66.86643127824674,58.85159799098309,Data Scientist
Engineering,"Marketing,Design",92.66189454740889,,,Software Developer
Science,"Data,Law",89.96439376756078,89.54190527,,Data Scientist
Science,"Marketing,Business",70.73323690850593,72.52100488922817,63.30123936539759,Software Developer
Engineering,Coding,62.63977361155309,66.55142268586646,,Backend Developer
Science,AI,90.82160648915345,85.84977881384732,,AI Researcher
Arts,Business,68.8423474,62.71364552037372,60.774458781913516,Software Developer
Science,"Design,Data",88.21701843917795,89.72497364,,Software Developer
Science,"AI,Data",86.16449158885794,,89.56275214609727,AI Researcher
Commerce,"Coding,Business",82.13831163025328,,,Software Developer
Engineering,"Marketing,Business",97.13454550621616,91.26258597417632,,Software Developer
Arts,Law,89.24185743247165,,,Lawyer
Commerce,Healthcare,67.01058774609906,72.59315031244356,57.72090107935679,Software Developer
Science,"Design,Data",84.12555756265832,90.11356950133288,,Software Developer
Commerce,"Data,Data",86.55396043016846,,,Software Developer
Commerce,"Healthcare,Finance",62.180786676569596,64.07960214728311,64.41175879763387,Software Developer
Arts,"Law,Business",85.47514219439776,94.20169803127392,92.96979623227615,Lawyer
Arts,Business,66.45920689772639,70.84507296542115,,Software Developer
Engineering,"Healthcare,Design",80.51652293746702,,,Software Developer
Science,Law,60.13517374548782,58.10980901870165,68.10358811,Software Developer
Commerce,"Marketing,AI",67.93557221435711,,,Software Developer
Arts,Coding,81.46079596929063,82.88135405043667,,Software Developer
Commerce,Marketing,75.78898985463917,76.57000948410001,,Software Developer
Science,Healthcare,68.28399505619126,,,Doctor
Arts,Coding,73.57245730286778,,81.05147581017785,Software Developer
Arts,Marketing,77.26967698204527,71.43934689,68.12901857,Content Strategist
Commerce,"Coding,Marketing",65.17186002464467,62.63912945422717,,Software Developer
Commerce,"Marketing,Coding",88.32559075822361,,87.78476227,Software Developer
Engineering,"Law,Design",72.52326263,69.05287713922968,66.53071245265355,Software Developer
Science,"Coding,Law",74.52867299559362,74.91403517685106,82.70080775954796,Software Developer
Arts,Business,77.20239050436649,77.80018891740146,,Software Developer
Commerce,Design,69.51945508252848,73.62537564,,Software Developer
Arts,"Healthcare,Data",94.13761636551978,100.50162331911956,99.90289143480601,Software Developer
Science,"Finance,Data",81.28997489508491,,,Software Developer
Arts,"Marketing,Law",87.37081803657064,85.28964160390129,75.72859759455068,Content Strategist
Commerce,Law,65.93763985557815,,59.90624036,Software Developer
Science,Business,65.01630245,62.61897859,57.81741308864787,Software Developer
Commerce,Coding,73.80431163,68.88307386610873,,Software Developer
Commerce,Design,58.91924436291117,60.22001188152415,57.081904232848316,Software Developer
Engineering,"Design,Marketing",86.77976719,90.56032331805633,81.14263430755912,Software Developer
Science,Design,78.78721021,73.46299901976654,83.42577495,Software Developer
Engineering,Finance,75.81228180559754,79.42643483724216,,Software Developer
Engineering,"Data,Healthcare",81.69683209639987,79.16736333525596,75.74025596,Data Scientist
Science,Healthcare,84.51182645120592,85.68810531771018,97.52313593,Doctor
Science,Business,67.01741593490512,56.88012703416289,,Software Developer
Commerce,"AI,AI",81.57237430934246,76.31709767566171,,Software Developer
Engineering,Business,95.98898090344217,97.07265654213381,83.82623621046974,Software Developer
Science,Data,76.27255912778675,,,Data Scientist
Commerce,Law,75.05104662915642,,70.87583257184617,Software Developer
Engineering,"Design,Finance",74.82195975198754,,,Software Developer
Commerce,"AI,Coding",61.69136096420941,,66.54968076034298,Software Developer
Science,Marketing,68.75799466648499,64.46277650114625,,Software Developer
Arts,Law,76.96905851968447,81.46100052921412,71.72154308036863,Lawyer
Science,Design,90.68896871872961,96.96220059,92.33610673485813,Software Developer
Arts,Data,83.65017268049725,91.17139020835953,86.36075907007657,Software Developer
Commerce,Law,80.56069575823584,78.73586022842095,,Software Developer
Science,"AI,Business",78.29509921420022,76.67788319590852,,AI Researcher
Engineering,Design,97.71099936555474,99.43108804512826,99.52430765346546,Software Developer
Engineering,"Design,AI",61.60423990087513,,,Software Developer
Commerce,Law,69.49257587722525,71.64502396273465,,Software Developer
Commerce,"Business,Finance",95.02671603410137,,97.59952581177272,Business Analyst
Science,"Business,Coding",59.113639624715915,59.99843924569103,,Software Developer
Engineering,Finance,95.81505504483663,100.13893889401623,85.63691247260411,Software Developer
Commerce,Marketing,76.00872995086175,,,Software Developer
Commerce,Design,71.52838219413127,63.28498490194207,72.30681397740393,Software Developer
Commerce,Design,84.22015434656366,85.72343012835091,,Software Developer
Arts,"Marketing,Law",73.82384022910999,,75.31465486048543,Content Strategist
Commerce,Healthcare,62.74074552056363,,60.24973068190761,Software Developer
Science,Healthcare,73.55489918856982,,80.21351923469636,Doctor
Arts,"Coding,Healthcare",71.37020023654094,61.39892872667943,,Software Developer
Arts,"Business,Business",82.28637717254847,71.42655483,,Software Developer
Commerce,"Design,Healthcare",73.86117571409459,73.63257929357918,61.880679807758455,Software Developer
Commerce,Data,85.49127787913058,,79.95469288890564,Software Developer
Science,"Business,Coding",87.45860465032325,,94.16494505061485,Software Developer
Arts,Design,76.79164738380035,87.95573186575962,89.75677538,UI/UX Designer
Commerce,"Design,Finance",66.94136012692192,68.68877566,70.56995356354831,Software Developer
Commerce,"Design,Coding",75.03985086369575,67.14345983734269,66.93282924648392,Software Developer
Arts,"Coding,Marketing",77.35778184,76.43352897927505,,Software Developer
Engineering,"Law,Data",62.62230108305345,68.73698346310361,,Software Developer
Engineering,"Marketing,Business",86.600756,83.90503423354622,,Software Developer
Arts,"Design,Data",59.53659082047173,63.505118982033835,63.38130061797908,UI/UX Designer
Science,Finance,85.65843226016773,,,Software Developer
Engineering,"Data,Coding",95.92795762762208,100.19795139560402,90.30274558859209,Data Scientist
Arts,"Healthcare,Marketing",81.98185198998308,,85.78023501,Software Developer
Science,"Business,Law",95.26445955387372,87.18429583109463,,Software Developer
Commerce,"AI,Healthcare",78.50348705074319,76.46641752175191,,Software Developer
Science,"Coding,Healthcare",88.89566983356212,86.75127039254042,,Software Developer
Engineering,Law,89.80958338132673,78.78659464624116,75.82448975288649,Software Developer
Science,"Design,Design",62.75651287788925,64.36759123725547,,Software Developer
Arts,Finance,85.46398206546203,,95.73292866704611,Software Developer
Engineering,"Marketing,Data",65.04282716689748,,73.32233479566372,Software Developer
Commerce,Healthcare,57.200579319315636,,51.86505639929321,Software Developer
Science,Law,67.26278235,78.45441078092396,78.93807793,Software Developer
Arts,"Marketing,Finance",82.96296509537412,87.08280686659123,,Content Strategist
Engineering,Law,66.01639651,71.44169637261199,,Software Developer
Commerce,Marketing,71.73380024809582,74.58994192839576,80.33977214,Software Developer
Arts,"Finance,Business",67.67764179,66.92736381469368,,Software Developer
Arts,AI,66.76128397130641,,,Software Developer
Engineering,Coding,81.68959515071984,,,Backend Developer
Commerce,"Law,Marketing",91.17523288728924,,,Software Developer
Arts,Law,68.20807012154445,,,Lawyer
Arts,Marketing,62.066519395162295,66.56834666899017,,Content Strategist
Arts,"AI,Business",81.98727671299442,78.65662412307485,83.42762997058728,Software Developer
Arts,"Design,Coding",88.53011335801635,94.01944629478895,,UI/UX Designer
Commerce,"Coding,Healthcare",64.73529423703262,67.42787043801381,68.46735037831945,Software Developer
Arts,"AI,Healthcare",90.70156587381297,,91.70338304279818,Software Developer
Science,Coding,68.55618662914864,70.12019326021176,,Software Developer
Science,Design,78.79698761954084,74.43454602502345,81.48784932734254,Software Developer
Commerce,"Coding,Data",85.97291634577704,89.75093275610257,80.82342714731527,Software Developer
Science,"Coding,Marketing",67.95013054216827,68.44842157652249,68.32211365397191,Software Developer
Science,"Business,Business",89.20302923337402,93.92850743,98.46621742,Software Developer
Commerce,Business,80.02677407683852,82.61926441054757,,Business Analyst
Science,"AI,Law",75.79290974315917,,75.34576628108482,AI Researcher
Commerce,"Marketing,Coding",62.03805953205035,,57.83919675629192,Software Developer
Arts,"Coding,Law",61.91194895675875,60.89776912072164,57.11641029043423,Software Developer
Arts,"Law,Business",74.07814492178785,,,Lawyer
Science,Data,60.209760109914946,,59.03647664239725,Data Scientist
Arts,Marketing,80.89629491244003,,79.16349722501099,Content Strategist
Science,AI,90.69209457157619,,,AI Researcher
Commerce,Finance,90.21152125736332,98.36103834429993,85.59222622724658,Finance Analyst
Engineering,Marketing,64.42899465,62.673220316145404,62.343700747375415,Software Developer
Arts,"Finance,Design",90.92553836482243,82.55599680864226,81.77782367002078,Software Developer
Science,"Design,Design",69.62858911084464,62.11540543170031,71.05837806448797,Software Developer
Engineering,Healthcare,69.04452477606901,65.32471733010179,61.30038013704508,Software Developer
Commerce,"Finance,Data",84.64659966471868,89.63106954648579,81.0786328,Finance Analyst
Commerce,"Healthcare,Law",73.02812719916537,71.86162302299127,,Software Developer
Arts,"Law,AI",67.75436536,65.39324069025875,,Lawyer
Arts,"Finance,Marketing",64.67511679664531,,54.86624342798407,Software Developer
Arts,AI,77.81179238337964,81.80178489132074,86.95991853493744,Software Developer
Engineering,"Business,Finance",91.66499342,93.89663456,,Software Developer
Arts,"Law,Law",78.39558268,,,Lawyer
Science,"Healthcare,Finance",67.47204587340248,64.93084424493381,,Doctor
Commerce,"Finance,Finance",80.94314397715765,84.92725414930017,86.39775777355737,Finance Analyst
Engineering,"Finance,Marketing",80.28402186925865,74.51881081468251,75.09095219196969,Software Developer
Arts,Data,60.32098265266242,54.88847642604748,54.430957677389394,Software Developer
Commerce,Healthcare,87.93710534054162,,,Software Developer
Arts,"Healthcare,Coding",72.50805437632778,72.53002856917352,58.19309457015061,Software Developer
Arts,"Healthcare,Marketing",65.03468713965555,63.86920309558481,,Software Developer
Science,"AI,Healthcare",77.74964334033514,79.06467887567622,77.78768992469026,AI Researcher
Science,"Healthcare,AI",67.27445947,,70.49829437672027,Doctor
Science,Finance,66.70694287019361,67.65452083341698,59.150098590483836,Software Developer
Science,Law,64.46385440276396,57.53811340520586,,Software Developer
Arts,Business,79.15139736957825,,81.85548680887148,Software Developer
Arts,"Finance,Coding",64.0930569,61.42503415455556,63.891316972681835,Software Developer
Arts,Design,81.60180793916217,77.75204216842748,,UI/UX Designer
Arts,AI,76.9697323,79.76314311913622,87.9804412,Software Developer
Science,Finance,60.62886859774156,,,Software Developer
Science,Design,81.06393521429843,83.57270539230066,,Software Developer
Commerce,Business,75.47476676,73.50782501361675,,Business Analyst
Commerce,"Design,Coding",74.06153862894013,75.05400192108425,71.09890317932451,Software Developer
Arts,"Coding,AI",79.92438604850554,81.80032695,,Software Developer
Arts,Design,86.18885003975807,84.69733606798133,94.83370271623417,UI/UX Designer
Engineering,"Design,Marketing",93.98722147972963,96.12131046624403,,Software Developer
Engineering,"Data,Data",73.98152886769756,77.40960599973431,71.46958374,Data Scientist
Commerce,"Marketing,Design",65.53227710482902,66.15359689499184,,Software Developer
Commerce,Marketing,79.37633433658314,84.47545748436292,73.51367225107319,Software Developer
Arts,Healthcare,64.16797957291105,63.76411545,68.41425107514877,Software Developer
Science,Design,82.65976665153015,,88.07746764036193,Software Developer
Arts,AI,86.00965396922729,,,Software Developer
Commerce,"Design,Finance",71.35641645,,,Software Developer
Commerce,"Finance,AI",71.63899291,,63.20156306009042,Finance Analyst
Commerce,"Design,AI",78.44048793561801,,,Software Developer
Arts,Marketing,77.40835133234681,80.02675732986775,,Content Strategist
Engineering,Coding,86.16197640373696,90.82735994772894,,Backend Developer
Arts,"Coding,Healthcare",92.40692811630531,95.94011679064472,101.35796461470719,Software Developer
Science,Healthcare,85.25016600320235,,,Doctor
Science,"AI,Finance",95.11516514681168,93.29570925711442,86.22113594567713,AI Researcher
Engineering,Healthcare,82.93242612,,,Software Developer
Science,Finance,74.88200776237309,72.22353465894223,,Software Developer
Arts,Data,63.829669176038685,57.69168825804151,58.41134657630134,Software Developer
Science,AI,79.74645570130022,75.52423762757685,75.87719393600398,AI Researcher
Science,"Design,Law",68.81508632965748,,,Software Developer
Engineering,Healthcare,66.14355498821193,72.50847475774486,,Software Developer
Science,Law,72.76251558894559,68.14937798484327,,Software Developer
Arts,Marketing,62.57863202890259,,,Content Strategist
Engineering,Healthcare,86.79094131801381,,,Software Developer
Arts,"Law,Marketing",77.33042711606657,,,Lawyer
Science,Data,67.40081969670867,77.04392832764515,,Data Scientist
Engineering,Data,72.02717539308675,69.35991709599466,,Data Scientist
Arts,Business,60.90615323012521,64.38947895630395,,Software Developer
Arts,Marketing,95.23649600182108,84.61565249808304,95.59316114127057,Content Strategist
Science,Finance,71.76092408276762,,77.64934976109505,Software Developer
Science,"Data,Data",81.59004836,79.66975764637426,75.63371304709553,Data Scientist
Engineering,Business,64.52953684082902,60.06580404348581,53.82266560262421,Software Developer
Science,"AI,Coding",71.44312688309022,81.35773819022559,76.10321473969117,AI Researcher
Science,"Coding,Marketing",73.93994622614736,80.80305681839641,,Software Developer
Engineering,"Coding,Business",73.39783135,73.43305154,,Backend Developer
Arts,AI,95.59758873666648,,96.67688377702126,Software Developer
Arts,AI,68.19950056,67.89341876829546,68.13608201136839,Software Developer
Commerce,"Business,Law",97.28338862222425,88.50703118765047,,Business Analyst
Engineering,Law,88.84479480403724,87.34832853903836,,Software Developer
Commerce,AI,80.74865576986163,71.74257253003437,,Software Developer
Science,Data,93.96949949668863,,81.62868034054219,Data Scientist
Science,Healthcare,70.52351992990043,,78.37652335571984,Doctor
Science,Coding,62.16267871388928,62.13520925125768,,Software Developer
Arts,Marketing,86.33449261441231,91.91425830079692,87.79989009241983,Content Strategist
Commerce,Law,95.42790698570347,97.39708916781765,98.24525449719162,Software Developer
Engineering,Healthcare,85.18896545289195,80.13980578222147,93.70439553669722,Software Developer
Commerce,"Marketing,AI",70.72372648222371,,75.01009590968029,Software Developer
Arts,Marketing,65.39610024368653,59.85737915682331,,Content Strategist
Arts,"Business,Healthcare",90.31453505512886,88.09537981,,Software Developer
Science,Finance,86.82592628873199,91.92035182108556,,Software Developer
Arts,Marketing,70.1391574,66.58963326887809,,Content Strategist
Commerce,"Healthcare,Finance",62.76732178478308,60.274561393697624,,Software Developer
Science,Data,68.58693214968103,73.05428667274751,61.0238402,Data Scientist
Commerce,Data,83.76116856448606,79.06163139311539,,Software Developer
Science,"Design,Design",77.21413159502161,74.11719165437704,72.66482783685487,Software Developer
Commerce,"Design,Healthcare",69.45907156292904,,,Software Developer
Engineering,Healthcare,83.06799807104701,83.34503178211777,78.47254135024617,Software Developer
Arts,AI,81.69385821834162,82.14975628536429,,Software Developer
Commerce,Healthcare,85.26148031925733,77.18616225474184,85.88788548577426,Software Developer
Commerce,"Business,Data",78.81820034256798,,79.04132281045659,Business Analyst
Science,Law,64.94960245273656,65.04798242873044,72.57668828104515,Software Developer
Science,Coding,76.43175449561363,,83.70726643099657,Software Developer
Engineering,Design,81.42524219,,,Software Developer
Engineering,"Finance,Data",90.19747156231348,81.78505668097938,83.31996355501606,Software Developer
Commerce,AI,90.98853475548756,,,Software Developer
Commerce,AI,83.25094529,87.90897407404299,,Software Developer
Engineering,"Data,Coding",69.78946928887923,69.30831542086248,67.26949352131707,Data Scientist
Engineering,"Finance,Healthcare",81.35201075018969,81.17840428181536,77.34382724194501,Software Developer
Arts,"Finance,Coding",70.12241228598671,,,Software Developer
Commerce,"Business,Law",71.13050660862716,71.13070662039357,82.40775609485618,Business Analyst
Arts,"Law,Business",84.58140849480567,88.04127192787351,89.86857925895963,Lawyer
Arts,Healthcare,80.22229100761258,74.85863323480612,,Software Developer
Engineering,"Healthcare,Design",73.42242583829758,,69.23961549319331,Software Developer
Engineering,Design,88.34874145233326,90.76755001290284,96.46839598705384,Software Developer
Arts,"Healthcare,Data",85.29546981906897,,,Software Developer
Science,Law,87.11355745599214,92.99927027076124,,Software Developer
Science,"Law,Law",97.69843529630666,95.78270585538196,,Software Developer
Engineering,Data,84.96181786252673,82.75956000112768,,Data Scientist
Engineering,"Marketing,Design",80.80240136686157,84.54238107746319,83.62195528189524,Software Developer
Engineering,"Law,Design",90.10105072846409,87.84391901038575,,Software Developer
Arts,"Healthcare,Finance",89.34961260772634,88.99979364175479,95.25524133150587,Software Developer
Engineering,"Design,Coding",78.55311858133489,,72.36093394,Software Developer
Commerce,"Design,Healthcare",88.61983834725244,90.90963796151026,,Software Developer
Engineering,"Business,Marketing",73.63529368524622,75.76280812328231,,Software Developer
Science,"Business,Law",68.81963587198055,,66.74458412556774,Software Developer
Arts,Data,66.21473911,66.20349364188156,,Software Developer
Arts,"Finance,Design",69.12568805588644,,68.90677275819927,Software Developer
Commerce,"Coding,Coding",61.061241578058784,66.52722653381782,,Software Developer
Science,"Coding,Marketing",80.94159971370833,81.80587161,90.77827912678475,Software Developer
Commerce,"Coding,Data",72.98930842819556,65.31189063981998,,Software Developer
Engineering,Law,86.60502268343839,,,Software Developer
Engineering,Business,74.92190522730725,,62.14298831065701,Software Developer
Arts,"AI,Marketing",86.75071391052697,,,Software Developer
Science,"Healthcare,Data",64.29490135397256,,53.08751287289617,Doctor
Science,"Business,Finance",61.11206780341444,65.14867972875304,57.65871878982442,Software Developer
Commerce,Design,65.23887574998561,69.78503634,,Software Developer
Arts,"Marketing,Coding",68.79141658671094,68.60405247147555,79.86504972,Content Strategist
Science,"Healthcare,Data",67.53956634086245,63.104951124233544,67.97043213860005,Doctor
Science,"Business,AI",90.87598263829408,89.11085482343705,97.02942268,Software Developer
Science,Law,59.90533090288806,,,Software Developer
Science,"Business,AI",81.35290101610765,,81.06912268111267,Software Developer
Engineering,Law,84.74605776,90.40019967009896,,Software Developer
Science,"Finance,Law",94.28058676,98.67450656440742,,Software Developer
Science,Healthcare,76.98898853070351,73.15589157220374,,Doctor
Science,Coding,65.12568311902123,,,Software Developer
Arts,Law,67.90090943999004,68.04461758508869,,Lawyer
Arts,"AI,Healthcare",74.74070099249907,76.86726021432422,,Software Developer
Science,"Coding,Design",80.99988216703082,,86.26654943150874,Software Developer
Science,Design,65.06248668088037,60.079093662579915,64.68503916886547,Software Developer
Engineering,Data,89.01574013899135,92.41571506536603,,Data Scientist
Engineering,"Marketing,Finance",64.79756934466143,68.93895588281558,69.82415162700293,Software Developer
Engineering,"Coding,Finance",77.41888488291332,,,Backend Developer
Engineering,"AI,Marketing",92.34239867428252,87.99907434,,ML Engineer
Engineering,Design,91.03612956279991,91.74302361731951,,Software Developer
Commerce,"Data,AI",86.00232587495971,92.46996327219597,95.01418502969403,Software Developer
Engineering,"Law,Marketing",84.12039045023757,85.53939232434406,82.18519839747889,Software Developer
Science,Law,83.54351286293073,87.75945346521036,76.62754680875727,Software Developer
Commerce,Coding,91.61089330232542,97.72695803355792,,Software Developer
Engineering,"Finance,Law",96.28689597359977,86.17081088154049,,Software Developer
Commerce,"Design,Business",73.18916012510606,73.93447095,67.40410712357601,Software Developer
Arts,"Data,Healthcare",63.562092903891084,70.87196487180532,73.36899312136185,Software Developer
Arts,"AI,Coding",61.33226091194447,57.31989233245342,,Software Developer
Arts,"Marketing,Business",72.41268273392673,75.89109395563499,,Content Strategist
Science,"Data,Marketing",85.45399744938604,,97.59119778,Data Scientist
Commerce,"Design,AI",58.508645248810396,57.27647212768095,,Software Developer
Engineering,"Marketing,Healthcare",75.17757282960052,77.84690278334031,66.04122031228123,Software Developer
Arts,Coding,88.28695796322435,94.61151142028385,,Software Developer
Commerce,"Business,Coding",79.52635457484921,82.70933023,,Business Analyst
Arts,"Data,Design",72.90888551164049,68.88018991016114,66.38249260422138,Software Developer
Arts,Law,82.94082968021814,84.73163141002387,90.71593770288732,Lawyer
Engineering,Marketing,61.55740119344091,65.33663124,63.60649218090069,Software Developer
Commerce,Marketing,85.56036658,74.57624080685387,,Software Developer
Arts,Finance,91.00077467911878,88.97204383109016,,Software Developer
Arts,Data,67.8998855,,69.24260912030265,Software Developer
Science,"Marketing,Law",89.75484198675571,91.82018362542298,,Software Developer
Science,"Design,Finance",76.87522198666697,,,Software Developer
Arts,"Coding,Healthcare",70.99122489606265,,,Software Developer
Arts,AI,85.82015778938765,90.30269497717096,82.86551667337106,Software Developer
Arts,"Law,Law",63.12520271815559,66.04931373358161,57.14678214133174,Lawyer
Science,Finance,88.66412526,,82.60859457895559,Software Developer
Engineering,Finance,62.039456324129986,60.40899752370552,66.14743658998212,Software Developer
Engineering,"Business,Coding",68.83453681255929,68.47491266892736,,Software Developer
Arts,"Coding,Marketing",89.56676519,92.67629692871682,,Software Developer
Arts,"Business,AI",60.185981761150096,62.21866682724414,72.87225120925908,Software Developer
Science,"Design,AI",79.36323581115812,79.15950118447702,90.31810584937344,Software Developer
Science,"Marketing,Business",92.47769208345721,92.07778966022416,86.09214874705499,Software Developer
Commerce,AI,83.94185930337319,76.10695917,,Software Developer
Engineering,Marketing,92.15838091047443,91.15152445797791,,Software Developer
Science,"Finance,Marketing",70.30268471967838,66.15689286526542,67.41012321182558,Software Developer
Arts,"Coding,Law",72.41021428186986,76.30003505864853,,Software Developer
Commerce,AI,86.77902201,,91.66638579345936,Software Developer
Arts,Law,88.31550837721676,,77.04923549167901,Lawyer
Commerce,Design,63.002906824611415,63.04937363890085,61.102439783105616,Software Developer
Engineering,"Law,Marketing",76.26916071253432,,,Software Developer
Commerce,Law,70.83987233337152,69.55464305,,Software Developer
Commerce,"Data,AI",83.38743404911308,89.25807214072137,,Software Developer
Arts,"Marketing,Finance",85.11341482825925,85.57384770092874,87.58211025286276,Content Strategist
Commerce,"Marketing,Law",76.76311665412796,72.39310325,69.26653889901365,Software Developer
Arts,"Coding,Coding",65.21743322845411,58.41379631010841,,Software Developer
Commerce,Coding,73.22880536959917,74.05724437678313,,Software Developer
Commerce,Marketing,76.86024985769775,67.40167205146417,,Software Developer
Arts,"Finance,Finance",56.735750755406656,64.99908078926563,62.41748940849811,Software Developer
Engineering,Business,78.22061988895587,83.53832253735666,,Software Developer
Engineering,"Healthcare,Business",89.58487398901865,90.09752232343743,96.97552724025343,Software Developer
Engineering,"Healthcare,Data",87.36263818922106,,82.93610662600943,Software Developer
Commerce,Finance,70.53850771370877,75.12589838580554,,Finance Analyst
Engineering,Design,62.289261700075045,57.878241259004625,,Software Developer
Engineering,Coding,83.24323108325459,73.28858422254038,72.85788918449566,Backend Developer
Commerce,Law,61.88290631038832,68.44004985384124,60.56695566956302,Software Developer
Engineering,Data,66.08323623817707,,,Data Scientist
Engineering,"Law,Healthcare",62.05679467141245,,,Software Developer
Engineering,"Business,Data",63.48618383368333,,55.69143726049802,Software Developer
Engineering,"Healthcare,Finance",66.07181064934325,,,Software Developer
Engineering,"Marketing,Design",82.69619438330807,75.13478459504981,83.63877828887813,Software Developer
Commerce,Design,66.80065705,67.12936955977985,77.53795576550112,Software Developer
Engineering,Business,70.24167642423782,75.61245865807241,84.84109074237584,Software Developer
Science,"Law,Business",91.45396557,88.08607895,85.16812974509244,Software Developer
Science,Business,64.56806652223614,64.23345235541993,,Software Developer
Science,Healthcare,94.22619344,97.94259618099262,93.49748997164897,Doctor
Arts,Data,80.71234924073397,80.69820502484723,,Software Developer
Commerce,"AI,AI",61.988980167044936,67.42769439550838,,Software Developer
Engineering,Healthcare,77.64495833058655,,77.73948796530303,Software Developer
Arts,Coding,72.69019152471219,76.98345628285367,,Software Developer
Engineering,"Data,Healthcare",70.66784327918472,69.70863344394049,71.82002745623143,Data Scientist
Arts,Design,67.02104376124495,68.54527121571539,,UI/UX Designer
Engineering,Business,87.40625930923963,,83.09729881009022,Software Developer
Arts,AI,62.519480940788625,68.64494249072563,,Software Developer
Engineering,Law,64.15581003969278,55.23874564708727,,Software Developer
Commerce,"Healthcare,Design",63.444159783241126,59.53736604859512,,Software Developer
Science,"AI,Marketing",73.18321236,66.49488064289415,66.86582100341701,AI Researcher
Commerce,"Finance,AI",83.56343549608492,82.12325615169331,76.14931248545417,Finance Analyst
Engineering,"Business,Finance",95.19499833611751,,101.9772829153456,Software Developer
Commerce,Data,87.08221926,95.29531848979433,,Software Developer
Engineering,"Business,AI",82.60899822,86.37741524380449,85.78636656973234,Software Developer
Science,"Coding,Healthcare",83.69582629596313,78.61096062937023,71.18858404831607,Software Developer
Commerce,"Finance,Coding",89.69933488970862,90.46459185,95.11442458670984,Finance Analyst
Commerce,Finance,58.081776831737415,60.04409160037108,62.65714812,Finance Analyst
Engineering,Coding,71.85811393827076,77.97257216622933,70.34028735513107,Backend Developer
Engineering,"Healthcare,Data",93.28458971120412,98.45319881332846,,Software Developer
Engineering,"Coding,Healthcare",94.14445944738097,,97.38003009300931,Backend Developer
Commerce,"Law,Healthcare",79.87401557333617,83.90894279392518,,Software Developer
Commerce,"Business,Healthcare",93.48134067228953,97.68635457324876,86.52796990985085,Business Analyst
Engineering,"Coding,Finance",76.84848941991845,,64.05450981561707,Backend Developer
Engineering,"Data,Coding",94.46918487110055,,97.35870518,Data Scientist
Science,Coding,68.07844451955778,,69.15317528037762,Software Developer
Arts,"Coding,AI",80.89867799,,,Software Developer
Science,"Business,AI",96.77240890273305,,,Software Developer
Engineering,Marketing,92.78764543366235,90.12662178777695,85.43969210654835,Software Developer
Arts,Marketing,87.90695072241422,85.85631935,,Content Strategist
Engineering,"Data,AI",93.64894902,84.19507855287975,89.28613197,Data Scientist
Commerce,Marketing,75.06202577174278,65.87088530972346,,Software Developer
Engineering,"Finance,Data",88.18724897134553,90.48376183160936,83.42505354527597,Software Developer
Science,"Healthcare,Marketing",94.70995634466797,90.11110537232551,89.87622670320722,Doctor
Commerce,Data,61.556697302548876,,64.77120850295887,Software Developer
Science,Finance,83.73510408184801,,,Software Developer
Commerce,AI,81.08807562,,,Software Developer
Engineering,Marketing,84.14956130131225,86.01859442835217,91.44937586530251,Software Developer
Engineering,"Healthcare,Business",88.89426827804495,87.60110388614385,,Software Developer
Science,Finance,96.46578863646234,92.68506374882114,94.33299579887084,Software Developer
Arts,"Law,Finance",87.29387290592672,95.42305539047284,88.35171854752471,Lawyer
Commerce,"AI,Law",71.91926321626312,76.53368428146854,,Software Developer
Science,Business,78.48403745,67.74072743615791,77.83600547631434,Software Developer
Commerce,Law,89.55903585343312,,93.18734756423876,Software Developer
Science,"Business,Healthcare",87.10495388130165,83.68689501847214,,Software Developer
Arts,"AI,Design",66.59907944683782,65.08450729660466,66.42993623,Software Developer
Commerce,"AI,Design",60.72053221784181,68.05135719692574,69.92077359982694,Software Developer
Arts,"Design,AI",88.40705913140138,,95.44018139789797,UI/UX Designer
Science,Finance,90.31277217498828,96.31813126822237,96.86516921672423,Software Developer
Engineering,"Coding,Law",71.90386651769937,78.42093802743655,,Backend Developer
Science,"Law,Coding",60.68158593486492,60.69306410093795,65.15498701664008,Software Developer
Engineering,AI,72.17076194030022,70.23063989,58.50400890129375,ML Engineer
Engineering,"Healthcare,Healthcare",56.15165561136389,62.70942162987385,,Software Developer
Commerce,"Finance,Data",91.90631543584212,94.08087764,,Finance Analyst
Commerce,Healthcare,81.91582548526262,79.75808208128888,,Software Developer
Science,"Healthcare,Coding",77.13705381620241,79.44020822027359,,Doctor
Engineering,Marketing,92.40548485963382,94.69485221,,Software Developer
Commerce,"Finance,Finance",81.00386201977645,75.54788755182182,,Finance Analyst
Engineering,Law,89.25105069653944,94.16600736161881,,Software Developer
Arts,"Coding,Healthcare",88.97483899632135,90.12594472032171,90.69512142662015,Software Developer
Arts,Law,81.51193278791432,87.37438802832499,,Lawyer
Engineering,"Business,Coding",66.12420873722462,57.00706903,53.55578832244813,Software Developer
Science,"Business,Law",86.91697216681544,88.50447256254219,90.61694572840386,Software Developer
Arts,"AI,Coding",85.80788150095579,,,Software Developer
Science,"Law,Design",84.39933212646123,80.92512003485281,,Software Developer
Engineering,Design,85.24065111,,93.04725194277854,Software Developer
Science,"Finance,Data",82.90701261970787,,86.37865651801775,Software Developer
Arts,"Coding,Design",90.97356545,,,Software Developer
Commerce,Healthcare,75.5478539,76.74791249334416,,Software Developer
Commerce,Marketing,71.52567645196054,60.35617336624922,,Software Developer
Commerce,"Coding,Finance",80.05538356661123,,73.59348524028564,Software Developer
Engineering,Business,75.0914734,78.40709107331895,,Software Developer
Science,Coding,95.15436178358733,,,Software Developer
Engineering,"Business,AI",90.02880131389817,,,Software Developer
Science,"Law,Business",78.99173694,83.52280983111338,87.68334531951932,Software Developer
Science,AI,88.40513227289892,88.36754293746293,,AI Researcher
Commerce,"Healthcare,Data",87.96994071128218,91.41499748769236,95.15561129594676,Software Developer
Arts,"Law,Marketing",74.93521993192607,,86.22853374261159,Lawyer
Commerce,Business,65.11732070102782,65.15662900234412,66.88161896310802,Business Analyst
Commerce,"Design,Business",81.31414548,,,Software Developer
Commerce,Finance,82.48005421354718,81.75386621075586,79.57385847051148,Finance Analyst
Commerce,"Finance,Finance",97.47103866750037,98.19424237760092,,Finance Analyst
Science,Coding,76.86110974534117,,,Software Developer
Arts,"Healthcare,Law",88.21600266653218,,,Software Developer
Commerce,"Finance,AI",77.63103412719582,,,Finance Analyst
Commerce,"AI,Data",87.92233599921482,95.22589440504987,92.52303527702063,Software Developer
Engineering,"Coding,Healthcare",66.72457275645786,70.75596431,64.72527013119917,Backend Developer
Arts,Law,95.63288233248072,,,Lawyer
Engineering,Finance,63.92549073921596,57.58668060544139,,Software Developer
Arts,AI,76.68670984,69.93589791,,Software Developer
Engineering,Marketing,70.02348332417738,,78.42626932,Software Developer
Engineering,"Data,Healthcare",86.12017892353445,83.67873759672608,88.35543904423918,Data Scientist
Science,Business,77.48019558571444,68.92313986819232,,Software Developer
Commerce,"Healthcare,Healthcare",92.32538181644219,92.00744357526415,96.74149614015855,Software Developer
Science,Finance,59.30658326649466,56.508303980538805,53.95510504555713,Software Developer
Engineering,"Healthcare,Design",95.58779406314804,,99.47543427,Software Developer
Commerce,Healthcare,60.659226304475425,,,Software Developer
Commerce,"Finance,Law",90.03945087167772,90.62171296393197,,Finance Analyst
Science,Finance,77.08051237457683,79.01201979,,Software Developer
Commerce,"Design,Finance",81.6909506,89.07382658965561,77.61412886581537,Software Developer
Engineering,"Law,Finance",75.44627421062366,,75.14869427889431,Software Developer
Arts,"AI,Coding",61.319973687440346,62.69776481067777,,Software Developer
Arts,"Healthcare,Coding",91.71301506,92.05355028060754,,Software Developer
Arts,Coding,80.03638133135841,75.62881621294997,82.85484101399821,Software Developer
Commerce,Healthcare,66.12495357215799,,73.87037417924105,Software Developer
Commerce,Marketing,84.55179402241076,79.92988545,89.76299559589651,Software Developer
Science,"Finance,Finance",86.77036963746839,87.88617373,,Software Developer
Engineering,Marketing,84.93121991607575,91.12185370657438,,Software Developer
Arts,Marketing,66.87086147898336,,55.75234515097919,Content Strategist
Science,Marketing,67.12557597572835,,,Software Developer
Engineering,"Data,AI",87.31123520596947,81.86681935071769,89.52878248731305,Data Scientist
Engineering,"Coding,Data",69.21019868497797,71.00090060826125,,Backend Developer
Engineering,"Finance,Healthcare",74.39063885356167,74.35170833654276,81.32044113221085,Software Developer
Arts,"Healthcare,Healthcare",96.18193090001384,89.58404176427308,,Software Developer
Arts,Business,91.18923416904478,,,Software Developer
Science,Law,83.3756652,81.06130524449061,75.91951938,Software Developer
Arts,"Finance,Marketing",58.041826523376216,67.45770495315097,56.20468733580029,Software Developer
Engineering,Marketing,73.23986432492629,,,Software Developer
Engineering,"AI,Finance",86.46235352,,,ML Engineer
Arts,"AI,Healthcare",66.36281921516371,69.99783364133872,56.998253320980574,Software Developer
Arts,"Coding,Law",69.08894955822134,,,Software Developer
Science,Healthcare,68.97941535908802,72.94339684158763,,Doctor
Science,Business,63.81386463773797,55.94079804791753,,Software Developer
Arts,Marketing,78.88466785678078,74.03042809280933,,Content Strategist
Science,Design,83.51535255358934,87.21022548348616,74.03818621853281,Software Developer
Science,"Design,Data",79.27707499695872,70.47404846242505,,Software Developer
Engineering,"Finance,AI",69.54628015143697,77.49609469091507,,Software Developer
Engineering,Law,66.17971109548216,73.98571481733372,60.577901611345936,Software Developer
Arts,Coding,87.66099131864432,76.79384337177524,,Software Developer
Arts,Law,83.58762426,,94.64095527,Lawyer
Arts,"Marketing,Business",77.89190685154989,76.34818622333998,,Content Strategist
Science,Design,63.32351886000424,,72.05410877578898,Software Developer
Science,"Healthcare,Design",98.60360398562732,95.99649862067334,95.46373098845034,Doctor
Engineering,Business,69.14812674,,70.44420627767508,Software Developer
Commerce,Marketing,97.87896636916754,92.8154418,,Software Developer
Science,Coding,77.67617046903794,81.97561192941725,88.26607431307386,Software Developer
Science,"Design,Design",72.03927675802586,78.77502877222824,63.189048172007304,Software Developer
Engineering,AI,90.47738713047781,,85.24958899216148,ML Engineer
Science,"Finance,Finance",88.07933022977056,,,Software Developer
Engineering,"AI,Business",77.19640405,,,ML Engineer
Engineering,"Business,Business",95.34874392140246,91.29980917868843,,Software Developer
Arts,Law,90.9354455,84.92323883831527,,Lawyer
Science,Design,68.27531460548187,,74.17260601735529,Software Developer
Commerce,"Business,Design",60.94810164569075,69.17504916461701,59.54713656356205,Business Analyst
Commerce,Law,62.905650014655265,70.19542569744416,,Software Developer
Commerce,"Healthcare,Data",95.89701064875345,88.32946135741616,,Software Developer
Arts,"Healthcare,Marketing",66.30921453406094,72.98172878956422,68.00164720149367,Software Developer
Science,Marketing,76.82910013934142,,,Software Developer
Science,AI,84.40754000062505,81.37575879244882,88.61268345238966,AI Researcher
Arts,"Marketing,Design",83.12663532936858,,79.55193713179423,Content Strategist
Engineering,Healthcare,93.07253595,,,Software Developer
Engineering,"Coding,Business",57.93698842478064,67.23514467741323,,Backend Developer
Engineering,Finance,87.33223884646533,,90.79402735972346,Software Developer
Science,"Design,Finance",82.74472463909545,,76.62685816861038,Software Developer
Arts,"Design,Marketing",68.06199671486397,66.55713420061625,,UI/UX Designer
Commerce,Healthcare,83.19312207626986,79.57664933301534,93.11726317,Software Developer
Science,Design,85.07260086197095,95.36330803897465,,Software Developer
Arts,Healthcare,64.52586645783828,63.632485255842965,61.092440110241526,Software Developer
Commerce,"Marketing,Finance",83.60434970465566,80.01209559025446,,Software Developer
Science,Coding,89.79338441,88.81316304234785,,Software Developer
Science,"Law,Design",61.794604845792605,58.78464686601392,,Software Developer
Science,"Design,Marketing",74.73398603,73.50986498,66.33110783263034,Software Developer
Science,"Data,Data",67.60379432658407,70.03381783536695,,Data Scientist
Science,"Business,Design",84.68413420005135,91.10324818613452,,Software Developer
Engineering,AI,87.46163911094348,92.04067288299728,90.03333511552277,ML Engineer
Engineering,"Marketing,Law",90.58649336,83.35376228014367,89.46608624992992,Software Developer
Engineering,"Business,Business",74.35748601286653,,81.15547090943302,Software Developer
Arts,"Law,Law",90.01306873968326,90.30677905480997,,Lawyer
Commerce,Finance,88.69778118516092,,,Finance Analyst
Science,Data,82.82640570456672,80.80616309686461,83.39897021387085,Data Scientist
Arts,"Data,Finance",74.49113944197224,72.51497516773183,,Software Developer
Science,Marketing,76.11702140338558,,72.39615111333562,Software Developer
Engineering,Law,93.59612009431017,91.04483915,,Software Developer
Commerce,"Marketing,Coding",65.80453744353021,58.69250172098494,65.48110477539018,Software Developer
Arts,"Design,Marketing",92.92089234639388,93.64698662871778,,UI/UX Designer
Commerce,"Business,Business",61.03094965112572,64.91670426,,Business Analyst
Arts,Finance,84.50475903463837,80.58283584,74.69904076552726,Software Developer
Science,"Design,AI",82.21944325350053,87.24303186337436,84.75229835552184,Software Developer
Commerce,AI,65.88730432233785,62.133084782144124,,Software Developer
Arts,"Marketing,Coding",61.20481871595538,65.05526868775097,,Content Strategist
Commerce,Data,77.68487994780496,83.99948572991453,,Software Developer
Engineering,Data,93.38414785203605,96.50690495458241,,Data Scientist
Arts,"Healthcare,Healthcare",84.43772439434258,93.68008492496493,,Software Developer
Arts,Data,72.31501686609911,,78.3986193,Software Developer
Engineering,Coding,73.22454163402891,74.78676871,,Backend Developer
Commerce,Finance,79.23617045043163,72.68662254707557,,Finance Analyst
Engineering,Marketing,84.33827023897925,,,Software Developer
Arts,"AI,Design",80.66005150192791,89.10498501663449,85.19232457258539,Software Developer
Science,Coding,89.77813061635733,84.93390631371754,84.2526616,Software Developer
Arts,Design,56.627178881724234,60.193848650019554,64.39313059845082,UI/UX Designer
Science,"AI,Marketing",78.84634210938404,85.52288864011668,80.39541912483622,AI Researcher
Arts,"Marketing,AI",66.10348213,,68.28622651509454,Content Strategist
Science,Law,92.94641639923616,95.35245063162805,99.75882930334888,Software Developer
Commerce,"Data,Coding",78.85757030046943,77.98009557718767,,Software Developer
Commerce,Data,59.18819082332594,,55.282326665241904,Software Developer
Arts,Coding,77.50402697,77.34906005051971,76.80567067130877,Software Developer
Commerce,Healthcare,84.88861300451006,85.75193530716263,,Software Developer
Arts,"Marketing,Data",73.27297781624986,,74.63826916338901,Content Strategist
Science,Marketing,80.56947064330606,86.05480500307854,77.59901859425861,Software Developer
Commerce,"Design,Coding",72.16586298523414,82.98345230311219,69.37978597333228,Software Developer
Commerce,"Data,Healthcare",64.97715904,62.467123994333875,69.25855084105955,Software Developer
Arts,Coding,64.45290870249653,,76.61344960908721,Software Developer
Science,Finance,65.00112235534885,,,Software Developer
Science,Marketing,76.24961953325007,70.5373295,71.73879639,Software Developer
Commerce,"Design,Design",90.76821945000937,82.86430747521234,,Software Developer
Commerce,"Business,Business",72.73710510928133,72.74647474718715,,Business Analyst
Engineering,Marketing,80.30033570973822,,,Software Developer
Arts,Data,81.33169485924378,85.27894417403706,85.02176234006444,Software Developer
Arts,Law,80.96949985627522,75.67610369660451,84.41778651391853,Lawyer
Science,"Law,Marketing",81.10768751301296,76.65215850050785,73.48315518144378,Software Developer
Arts,Law,63.33650434380688,,,Lawyer
Engineering,Marketing,64.6756783,71.69918919,,Software Developer
Commerce,"Data,Law",82.75451572,79.71809102191372,82.29442082131919,Software Developer
Engineering,"Business,AI",80.36696803505245,79.73949889416068,76.01019697555542,Software Developer
Engineering,Healthcare,78.44447742752556,88.15010894662092,,Software Developer
Arts,Finance,69.79804977112077,,,Software Developer
Engineering,Business,89.21760925585832,79.74075765456644,91.86171254234107,Software Developer
Engineering,"Data,Finance",84.71314728174679,75.10911158799311,,Data Scientist
Arts,Marketing,97.37190662199262,96.83103987472747,,Content Strategist
Arts,"Marketing,Marketing",94.3697359,87.41218143,,Content Strategist
Engineering,Marketing,73.51495191858771,72.24388745108517,76.83768822535252,Software Developer
Arts,Design,64.45328243548798,,57.18768199216266,UI/UX Designer
Commerce,"AI,Design",65.50845971521414,64.85657542905003,78.88121419095053,Software Developer
Science,"Design,Business",83.26409618118575,82.75342290586687,85.66259407,Software Developer
Engineering,"Finance,AI",95.86250517921158,,,Software Developer
Commerce,Healthcare,88.33924204162192,,82.79373082410083,Software Developer
Science,"AI,Data",91.43658150971856,,82.55025960567771,AI Researcher
Commerce,"AI,Data",88.39014694403433,,,Software Developer
Engineering,Healthcare,75.88437032338967,,75.54565425379938,Software Developer
Science,Marketing,95.72891811,,100.55395453082274,Software Developer
Arts,Healthcare,77.88657693,76.79046319041512,,Software Developer
Commerce,Coding,85.64176655828092,75.99731961,,Software Developer
Commerce,Law,82.70965274450312,74.08402053608847,,Software Developer
Commerce,"Marketing,Coding",61.472896520040635,55.50588348246229,,Software Developer
Arts,Finance,65.62832845101352,71.57129187350203,57.34883556490263,Software Developer
Commerce,Finance,74.93945106140306,,,Finance Analyst
Commerce,"Marketing,Finance",88.77488743581826,,,Software Developer
Science,AI,88.94454659936459,,100.67056122368967,AI Researcher
Science,"Data,Law",80.90997937843035,82.43754599539976,84.36254713,Data Scientist
Science,Law,93.82916804395659,89.56014743098464,,Software Developer
Arts,AI,72.90162459,70.26422404259387,70.30571563187472,Software Developer
Engineering,Law,70.91375009163691,70.09025444602618,74.91598372516307,Software Developer
Engineering,"Business,Design",88.45301278687195,87.36366875,93.41880528699053,Software Developer
Science,Business,83.22409977488206,86.64332740007208,,Software Developer
Engineering,Law,87.17213062579015,,82.02684418908856,Software Developer
Science,AI,92.40386015725066,93.34626935236115,99.22626700353955,AI Researcher
Engineering,"Law,Finance",77.10629673017499,72.99166518166409,,Software Developer
Arts,Finance,90.38959964491937,94.36695583983433,90.20803364,Software Developer
Commerce,"Design,Law",79.30620448579971,81.40497911903027,90.65015982424586,Software Developer
Arts,Data,65.44201428828377,66.10418566022778,62.540168185021926,Software Developer
Arts,AI,63.213528196847776,67.20767897054202,73.26420445975774,Software Developer
Science,"Design,Data",94.55655821631576,,98.27736101555905,Software Developer
Science,Healthcare,84.84386157352259,82.55454125446266,83.52464182777587,Doctor
Commerce,"Design,Finance",76.9897751,,81.61604157333875,Software Developer
Commerce,AI,64.135477,66.04756893678197,,Software Developer
Science,"Marketing,Coding",88.24873906,93.12234035836835,83.78192715190158,Software Developer
Science,Coding,64.13769650882803,64.25404781188055,,Software Developer
Science,Finance,75.76962319774006,72.75590960040273,,Software Developer
Arts,Marketing,72.2659152,66.63005025,66.65031602047857,Content Strategist
Science,"Healthcare,Coding",96.40000978450405,92.58014502488929,,Doctor
Arts,Business,90.10783398359973,,,Software Developer
Engineering,Healthcare,70.66631458926688,74.26259686103252,,Software Developer
Science,"AI,Data",70.06884928900531,73.72949825270695,68.25551262,AI Researcher
Arts,"Healthcare,AI",73.94564243471827,71.29115651784502,62.813060156081036,Software Developer
Arts,Design,65.50284938,66.61474157819862,56.36969006116951,UI/UX Designer
Science,Data,57.63185478692554,60.22180253419041,55.93266217213083,Data Scientist
Science,"Business,AI",62.78478316621896,65.62127892473359,61.84985884158586,Software Developer
Commerce,Coding,71.69797779,70.38345680925885,,Software Developer
Arts,Law,84.13149091457389,,,Lawyer
Commerce,"Healthcare,AI",68.53397980174697,67.21000683016692,57.15405830387889,Software Developer
Commerce,"Coding,Finance",71.55030701,67.91604445684953,72.95504560424803,Software Developer
Commerce,"Coding,Marketing",68.63749411227518,67.00993872177912,77.79894446756067,Software Developer
Science,Marketing,92.97290171,88.62538681297296,,Software Developer
Arts,Business,64.34722779845623,60.94865023884337,,Software Developer
Arts,"Finance,Business",63.45687980051788,62.42882689,60.920388641291986,Software Developer
Arts,"Marketing,Coding",72.08122085,,85.03447746650437,Content Strategist
Arts,"Business,Business",91.18360157130192,,93.78044071485553,Software Developer
Engineering,Business,60.41730011603912,64.44846407193316,,Software Developer
Commerce,"Business,Finance",78.13263348433996,86.50799072330358,84.10877299497481,Business Analyst
Science,Coding,66.99058205181447,61.37009119190605,,Software Developer
Commerce,Marketing,82.21433494842324,84.88940798098844,87.91671067035696,Software Developer
Arts,Business,89.26054118698636,87.25971378527888,,Software Developer
Arts,"Business,Finance",73.99876498,,84.54432909270255,Software Developer
Science,"Marketing,Marketing",79.56417597138007,80.99724143738571,,Software Developer
Commerce,"Finance,Finance",82.59338471794538,,,Finance Analyst
Commerce,Business,91.15997059785515,89.76552852125312,,Business Analyst
Commerce,"Healthcare,Coding",95.22138582580735,91.77549062105719,86.30044142,Software Developer
Commerce,Law,65.69029689063348,70.35273375361768,,Software Developer
Engineering,"Data,Design",75.18467530915416,81.97728965564322,,Data Scientist
Arts,"AI,AI",79.70488674609652,80.36832255600652,79.52585216257255,Software Developer
Science,Marketing,85.41810847519028,81.38367583342438,,Software Developer
Science,"Healthcare,Design",77.06600526040938,,,Doctor
Arts,Business,75.88540471,,73.28420685826471,Software Developer
Engineering,"Design,Healthcare",94.77897788994188,,104.13527201984607,Software Developer
Engineering,"Healthcare,Design",86.93341360037546,80.23258402838509,91.03991170739954,Software Developer
Commerce,"Law,Coding",58.21171504190655,56.005611377212766,,Software Developer
Engineering,AI,83.10492041079829,,85.78655511873146,ML Engineer
Arts,"Finance,Healthcare",75.92633208893518,78.03278757637307,85.45563037586919,Software Developer
Arts,"Design,Marketing",83.59256833521896,93.01655790811652,,UI/UX Designer
Commerce,Finance,64.67300145723509,61.811800837432756,,Finance Analyst
Arts,Finance,64.54180293074134,58.634652191576855,64.68673178169183,Software Developer
Commerce,"Design,Finance",91.71342682045494,86.54127075529429,,Software Developer
Science,Business,96.08998244641413,92.46168779350482,,Software Developer
Science,Coding,75.84132297856382,87.04677597791256,,Software Developer
Science,Marketing,62.93056027979934,,,Software Developer
Science,Marketing,86.85578388947752,,,Software Developer
Science,Business,95.48227173502221,85.07301786319799,93.17402827,Software Developer
Commerce,AI,77.31167375,72.73022076529462,73.97979397360888,Software Developer
Engineering,Design,59.996424606703656,61.15363456724729,,Software Developer
Commerce,"Finance,Coding",75.71477229142138,,,Finance Analyst
Arts,"Marketing,Coding",67.22835906401113,,72.13368250832615,Content Strategist
Commerce,"Law,AI",70.76480699845035,,,Software Developer
Science,"Healthcare,Healthcare",74.51651655750504,,,Doctor
Commerce,Marketing,68.36100300538689,65.82986159442542,78.98579709072644,Software Developer
Science,Law,91.4011074,92.91220917420182,100.08081559643796,Software Developer
Science,"Business,Design",68.97628274981129,76.29737626395953,,Software Developer
Engineering,Finance,83.85833135904926,80.16566277853757,85.81717557290038,Software Developer
Commerce,"AI,Law",76.33743105863245,76.27118282214715,,Software Developer
Commerce,Law,79.00766959,,72.78391308,Software Developer
Arts,"AI,Coding",64.62950250595966,62.83288319095313,60.3099564,Software Developer
Commerce,Marketing,72.33656532140229,,,Software Developer
Arts,Design,80.35098492,71.48837896380243,84.38105422163878,UI/UX Designer
Arts,Finance,88.78471407973875,85.03405044029994,82.56455724060258,Software Developer
Arts,"Healthcare,Coding",75.14841236595637,64.58246052834002,65.68649973,Software Developer
Science,Law,76.31216064834707,83.70544233,,Software Developer
Engineering,"Business,Coding",68.25297447522286,74.44417734,,Software Developer
Arts,Coding,76.75689219922974,79.33011123663698,,Software Developer
Science,Design,73.68492562899036,68.84050294854093,,Software Developer
Science,Healthcare,79.25151725,,77.15754973,Doctor
Science,"Healthcare,Marketing",75.86905948844769,,,Doctor
Commerce,Design,70.65138600097434,71.08603005662421,83.14156428943186,Software Developer
Engineering,"AI,Marketing",66.98116655331684,69.57387913131714,65.42160369652235,ML Engineer
Commerce,"AI,Business",80.76043321373777,79.28176845273225,75.06846165728315,Software Developer
Science,Design,74.46634984734021,,75.97336099125128,Software Developer
Arts,"Coding,Healthcare",65.92799053201608,63.31934727986443,66.34911115,Software Developer
Commerce,Design,63.86808567,56.875155986113555,,Software Developer
Arts,"Finance,Coding",72.02536880693484,72.58630036659324,69.63172581073515,Software Developer
Engineering,Healthcare,73.80337722723588,71.14496304791064,81.04910353260567,Software Developer
Science,"Healthcare,AI",79.04105877438217,79.27385041,80.65717922547216,Doctor
Engineering,"Marketing,Healthcare",90.95933145581743,,98.84701275872371,Software Developer
Commerce,"AI,Data",97.52065125910421,,96.40150993116231,Software Developer
Engineering,Healthcare,85.35786631,90.84511915845391,,Software Developer
Commerce,"Design,Business",93.62685144316237,89.45984224,,Software Developer
Arts,"Data,AI",78.37850876221326,76.11953517,,Software Developer
Arts,Law,89.49740316507213,,85.18151312,Lawyer
Commerce,Finance,63.58453710696395,69.44864554705661,,Finance Analyst
Arts,"Finance,Design",89.61320886,82.52775762450831,91.02978022379872,Software Developer
Commerce,AI,88.77613162979542,91.13293927927111,,Software Developer
Arts,Marketing,75.75793692230846,81.39563748305603,77.59072479,Content Strategist
Engineering,AI,61.872465938803046,66.52633128149101,,ML Engineer
Science,Law,71.62452810202115,,,Software Developer
Science,AI,83.93401272945361,,,AI Researcher
Science,"Data,Coding",83.40433147,80.82515306353388,87.90154525205406,Data Scientist
Science,Design,79.55025891570747,,73.90226993549479,Software Developer
Arts,"Design,Law",64.06369397678534,,65.73872857802532,UI/UX Designer
Engineering,Marketing,60.40488275405273,59.18783235123895,58.57173537959291,Software Developer
Commerce,"Finance,Marketing",73.56235198,,80.99137295094522,Finance Analyst
Commerce,"Coding,Law",70.17032214583266,70.30862085,67.55644788218027,Software Developer
Engineering,"Design,Law",76.06364803,85.30266847517404,,Software Developer
Engineering,"Healthcare,Data",79.67549234443236,76.95929341859139,78.21981686702519,Software Developer
Engineering,"Marketing,Business",88.04876903461192,90.23412852366448,,Software Developer
Science,"Data,Data",78.21771425722335,76.45049081,79.52119733,Data Scientist
Engineering,"Marketing,Coding",73.05671035979162,,68.92351554543748,Software Developer
Science,Healthcare,73.02702051937739,,72.97027752129937,Doctor
Engineering,"Finance,Design",86.20014959351187,,78.38095799513658,Software Developer
Commerce,"Data,Finance",71.05512888969326,72.95742502234903,,Software Developer
Arts,"Design,Business",86.47716369046685,,90.80896940288105,UI/UX Designer
Science,"Data,Finance",78.49687745456855,81.03645656481038,74.96154134368587,Data Scientist
Arts,"Business,Data",90.19866880977634,91.18609026518429,,Software Developer
Arts,Finance,62.792559071994155,65.93897666251756,54.00178846968739,Software Developer
Engineering,"Data,Marketing",78.74566165754186,70.03577168627508,,Data Scientist
Arts,Healthcare,82.08592819623297,77.17504072480753,78.25862689911419,Software Developer
Engineering,"Data,Coding",61.26282603033852,54.081760379956506,,Data Scientist
Commerce,"Finance,Healthcare",75.08942799888429,77.13671640037748,,Finance Analyst
Science,"Marketing,Business",77.87132678261793,72.36892918316701,,Software Developer
Science,Finance,59.04787032405695,60.15578061927225,,Software Developer
Commerce,"AI,Marketing",88.18528715507938,,91.26423529690494,Software Developer
Arts,Design,70.62605011625554,,,UI/UX Designer
Science,Data,84.70123639763285,85.77287722939222,98.40712693640674,Data Scientist
Science,Coding,72.57644964970547,,74.72442169744714,Software Developer
Engineering,Healthcare,73.00665857393938,71.17671019,,Software Developer
Science,"Design,Business",78.43494619119102,78.76503639839699,,Software Developer
Engineering,AI,63.22693993,72.68435521,63.18381644,ML Engineer
Arts,Marketing,66.38969753763453,63.72292675830384,,Content Strategist
Engineering,Law,94.46181255,,,Software Developer
Science,"Healthcare,Marketing",72.33755273719261,,73.93830796113542,Doctor
Science,Law,66.85116167702776,57.307965493180205,62.801943824844635,Software Developer
Arts,"Law,Coding",83.62702751675116,90.44154651139736,93.74838752166886,Lawyer
Commerce,Finance,71.56514853880985,75.98548687157647,82.16609524133376,Finance Analyst
Engineering,"Healthcare,Coding",84.62994814669199,,89.19678601,Software Developer
Science,Finance,82.35003839621815,90.08059614392297,,Software Developer
Science,"Design,Marketing",92.17040807032653,,,Software Developer
Commerce,Healthcare,75.07114851,67.38737285316498,79.08000459090528,Software Developer
Engineering,Design,73.27284026628519,66.23530234357726,73.09969471356115,Software Developer
Science,"Data,Data",60.710083589446256,68.80893115789083,,Data Scientist
Engineering,"Design,Coding",87.48664012045926,,,Software Developer
Commerce,Business,63.720099692131015,,72.93632715312194,Business Analyst
Science,Law,63.08071783976841,,,Software Developer
Science,"Healthcare,Business",97.16077951804353,93.46018333648767,92.64464714873799,Doctor
Arts,"Coding,AI",75.22352660434476,69.97167392880691,,Software Developer
Engineering,"AI,Healthcare",92.64133322017582,94.23965971608295,,ML Engineer
Engineering,"Coding,Law",74.30476726712017,66.80317586933849,,Backend Developer
Arts,"Marketing,Marketing",94.14154231046011,87.18039304348395,,Content Strategist
Science,"Data,Business",75.78377406516373,71.76798802,70.06559657700262,Data Scientist
Commerce,"Healthcare,Marketing",59.833356317378275,56.56039038322625,,Software Developer
Engineering,Business,90.40853677574438,,80.03736086415995,Software Developer
Arts,"AI,Healthcare",78.46214513573287,78.21241879859564,,Software Developer
Arts,"Healthcare,Law",64.45016067911644,,,Software Developer
Science,"Coding,Data",92.37811637,96.98437709270073,,Software Developer
Science,"Finance,Marketing",62.86950354257436,61.05994493635681,,Software Developer
Engineering,Coding,70.44488946,,,Backend Developer
Arts,Data,59.60814967,60.646041704266885,,Software Developer
Arts,Marketing,74.18427912681439,,82.48976898542979,Content Strategist
Engineering,AI,76.25481297371564,80.50489634485848,90.45945384154273,ML Engineer
Science,Design,81.51969697081043,,,Software Developer
Commerce,Law,66.71490803890472,72.45760651,73.89667894161337,Software Developer
Commerce,"Law,Data",84.12611616318615,,78.70304167186369,Software Developer
Engineering,Business,90.40029001095394,94.61435661617108,82.92385184,Software Developer
Engineering,"Business,Business",66.85496260933606,62.552406618923534,63.87863290222006,Software Developer
Arts,"Finance,Healthcare",61.411093657128426,,64.22132605540679,Software Developer
Arts,Marketing,75.70894663586694,72.51743466307444,84.12086768475741,Content Strategist
Arts,Law,89.29917995738072,87.15574360628742,,Lawyer
Commerce,Law,80.83000270590102,86.54390207,81.45777525,Software Developer
Engineering,Healthcare,96.49515064067475,86.88379314578961,85.58163545480329,Software Developer
Commerce,"Design,Business",82.40649955098199,87.04930271647417,,Software Developer
Engineering,"Healthcare,AI",85.16468252,88.95380375648476,,Software Developer
Science,"Coding,Design",86.10089995,,,Software Developer
Commerce,"Design,Law",75.45082459303848,,78.39073053738883,Software Developer
Engineering,"Data,Law",86.20745180240361,,,Data Scientist
Arts,Coding,91.92484537095257,83.90961864307064,91.27315740020578,Software Developer
Arts,Business,58.997052688372186,,,Software Developer
Arts,"Marketing,Design",68.77629784166064,,68.85654952,Content Strategist
Science,"Design,Data",87.59133255,77.29893984880889,,Software Developer
Engineering,Marketing,76.59075705646396,,70.68159053181063,Software Developer
Commerce,Finance,73.73368470729517,69.04923332628279,,Finance Analyst
Science,Finance,64.29509815582668,,,Software Developer
Arts,AI,87.26048205726019,83.95278712097048,,Software Developer
Science,"Finance,AI",66.31144548,69.89567283253005,76.54200850697305,Software Developer
Commerce,"Marketing,Marketing",82.9961866,83.63882828840958,,Software Developer
Arts,Business,63.89409893360726,72.01644286698146,,Software Developer
Commerce,Marketing,80.73623958991189,83.66833021570025,,Software Developer
Arts,Coding,90.68936274339572,90.98601251556246,,Software Developer
Commerce,"Business,Marketing",73.68151510852152,64.58528810226215,64.49791425780799,Business Analyst
Commerce,"Law,Business",66.68924317,,72.58863872358384,Software Developer
Science,Coding,61.772126649241635,62.30951552484202,,Software Developer
Science,Design,77.44436016502229,73.17986645702231,70.41334363256237,Software Developer
Commerce,Finance,65.20984423263334,60.67358692266054,,Finance Analyst
Commerce,"Coding,Law",67.87940509552281,65.01944004643218,72.88378876309739,Software Developer
Science,Healthcare,87.85469683913361,93.30617841316806,,Doctor
Engineering,"Data,Law",84.20648386814267,,,Data Scientist
Engineering,Marketing,60.550876533836885,62.28798539551143,,Software Developer
Commerce,Business,97.49542116301104,87.63495534738772,97.22716703698961,Business Analyst
Science,"Healthcare,AI",92.10703787625106,,,Doctor
Commerce,Coding,82.55037090488091,,,Software Developer
Engineering,Healthcare,66.22188803608829,67.04463106977722,67.93721347326363,Software Developer
Commerce,Coding,73.61713424654003,75.19648139302177,78.01499555339079,Software Developer
Commerce,"AI,Coding",91.03881957248753,91.07506003453294,96.31244244763772,Software Developer
Engineering,AI,71.68630276888945,,,ML Engineer
Commerce,Data,95.58499260667014,91.11268302052498,,Software Developer
Science,"AI,Marketing",68.81402265459585,66.18662224,70.92424221490204,AI Researcher
Science,"Business,Finance",85.74858367705923,82.92093487031818,86.97896726537756,Software Developer
Engineering,Marketing,81.49167647028646,,80.27999963807888,Software Developer
Arts,AI,82.43812353669213,86.53216228718584,83.21467454788882,Software Developer
Engineering,"Healthcare,Finance",62.44035783973958,62.00473486997199,52.267756489706095,Software Developer
Science,"Finance,Finance",82.25524559176556,76.75664373480971,85.92501599352553,Software Developer
Commerce,AI,65.94605462988861,77.37357029,,Software Developer
Science,"Law,Data",75.52741753645938,,63.68691493174022,Software Developer
Commerce,Design,68.08607856,72.54864028,62.91877937639935,Software Developer
Engineering,Business,65.85816511011947,71.74538916116214,65.16391369352299,Software Developer
Science,AI,61.51406446560304,57.84862284841719,57.38357490927158,AI Researcher
Engineering,Data,90.91729347214257,91.51212294345089,,Data Scientist
Commerce,"Coding,Coding",88.18878628196268,83.94689303,,Software Developer
Engineering,"AI,Healthcare",89.01650018799623,86.99617383077259,,ML Engineer
Engineering,"Finance,Design",60.70842949189976,67.43640653712444,69.12931080908555,Software Developer
Science,Design,70.00279670154353,73.14037497650492,,Software Developer
Science,Finance,71.56316318396335,69.66516719025861,75.26481771804455,Software Developer
Engineering,Marketing,94.18782477772575,85.65388683319823,,Software Developer
Science,AI,91.11318260107141,80.49790056,79.4222303,AI Researcher
Arts,"Coding,Finance",95.23725714535638,97.94093531749716,92.94172883,Software Developer
Arts,"Business,Healthcare",71.21369921638046,73.66153608003161,,Software Developer
Arts,Data,75.90234718281508,73.2317704,76.65168316154904,Software Developer
Science,Healthcare,76.72761581024527,74.09941544599427,78.10922426,Doctor
Arts,AI,67.68202605252274,69.44760085292823,57.28651704295615,Software Developer
Science,Coding,85.45388298198286,90.52852347380477,,Software Developer
Engineering,Business,63.47362416246399,,,Software Developer
Science,Healthcare,78.59394172070786,78.61284583499868,90.20960211236782,Doctor
Arts,"Business,Finance",82.16814058,70.82723510642765,71.53080651641952,Software Developer
Commerce,Law,72.96286543,63.137370695646126,77.70408795727025,Software Developer
Commerce,"AI,AI",73.85470284459065,69.11495458238404,,Software Developer
Science,Healthcare,72.66149243270463,,,Doctor
Arts,Marketing,90.39598192,95.48954555224662,91.15052001303867,Content Strategist
Arts,"Healthcare,Healthcare",66.44256379288464,70.69712615962935,,Software Developer
Engineering,Healthcare,86.96918798164585,86.32729190649252,,Software Developer
Commerce,Design,78.48032275880715,79.60282661563824,75.09152162687731,Software Developer
Arts,"Healthcare,AI",87.34023015108808,84.97427431518412,,Software Developer
Commerce,Finance,63.822372585075975,61.66096686858391,,Finance Analyst
Arts,AI,86.60317844113663,88.54420829,,Software Developer
Science,Finance,77.37476381760237,,83.81689580401519,Software Developer
Arts,"Design,Finance",70.62731131001266,66.96689880715348,,UI/UX Designer
Science,"Design,AI",65.05988319787653,67.35872174695024,,Software Developer
Science,Data,87.37905766532919,82.75978924950486,85.15793456976249,Data Scientist
Commerce,Data,65.06020422242695,62.73356533057968,68.68746131264366,Software Developer
Commerce,Healthcare,69.19632995547072,,59.58654216398712,Software Developer
Science,Coding,58.97102698086137,59.302588608965074,,Software Developer
Science,Marketing,73.91898790282504,79.63104837449309,,Software Developer
Science,Design,90.87235777,,,Software Developer
Engineering,Design,89.59691899487284,80.95842314222234,90.18799012424854,Software Developer
Commerce,"Business,Business",62.53420030847445,61.865886771544275,,Business Analyst
Commerce,"Law,Design",62.147170671769246,61.49354701591428,67.30136748970268,Software Developer
Arts,"Design,AI",74.84438723151159,76.71842471953788,67.1692697,UI/UX Designer
Arts,"Marketing,AI",61.79530404929433,,63.84135003632983,Content Strategist
Arts,Healthcare,75.44548088713378,,,Software Developer
Arts,"Finance,Law",78.22494600181375,80.58475982441495,75.50286672733945,Software Developer
Commerce,Law,73.92511610011928,73.88597308295962,,Software Developer
Arts,"Data,Coding",93.18546459,88.29053127407519,91.53279475714658,Software Developer
Science,"Finance,Marketing",80.45535314295168,,,Software Developer
Engineering,"Healthcare,Design",66.64597883425482,74.92190925142981,,Software Developer
Science,"Finance,Law",63.24822585531989,,,Software Developer
Commerce,Data,61.26247320705326,,,Software Developer
Engineering,"Healthcare,AI",66.34739242217832,62.81941724270092,,Software Developer
Engineering,"Law,Data",82.78057865132662,81.92285392042915,,Software Developer
Science,"Marketing,Healthcare",82.94033246879964,81.02455791256052,,Software Developer
Engineering,Finance,68.59213739,,,Software Developer
Engineering,Healthcare,72.99048053643853,,,Software Developer
Science,"Coding,Finance",65.60909789353897,66.11864137852204,70.24849826441675,Software Developer
Commerce,Law,72.29459860512465,82.05371395,72.30626920122633,Software Developer
Science,"Marketing,Finance",60.56981825478966,,,Software Developer
Commerce,Design,66.90124986059877,61.90767365879636,,Software Developer
Commerce,"Coding,Data",79.51982688900253,76.79764296776645,87.28928900908939,Software Developer
Arts,AI,88.97358209822205,,94.57242547,Software Developer
Commerce,Coding,88.01543788854872,,90.11762010904519,Software Developer
Science,"Finance,Healthcare",69.95155172999692,73.39093589803376,59.74473556,Software Developer
Arts,Design,90.75756049430392,100.58646439658942,,UI/UX Designer
Engineering,"AI,Healthcare",81.07441530216614,91.78724994409487,,ML Engineer
Science,"Law,Design",61.75047270998952,61.40045486,55.22231398025047,Software Developer
Commerce,"Design,Healthcare",86.61216229108624,95.68797786,,Software Developer
Commerce,Law,67.96101009,66.29807272957474,,Software Developer
Engineering,Marketing,85.59698419609724,80.11707080888152,88.02109981229395,Software Developer
Commerce,Marketing,78.16360679274034,,,Software Developer
Science,"Design,Data",69.69945188581283,62.83992398787908,64.93307332251395,Software Developer
Science,Marketing,91.02564866745372,83.57380805771027,81.2481788,Software Developer
Commerce,"Design,AI",79.61216280466604,84.66989572864362,,Software Developer
Commerce,"Business,Finance",67.72447851307838,60.805255807716094,,Business Analyst
Science,"Finance,Finance",67.16948281755595,68.3875058,,Software Developer
Engineering,"Data,Design",78.67158277331474,,80.65261201496938,Data Scientist
Arts,Marketing,92.03251306982231,95.02872363188901,,Content Strategist
Arts,"Finance,AI",63.817778543588695,,,Software Developer
Arts,Data,89.04028973152943,86.62837637552899,,Software Developer
Arts,"AI,Data",64.90893992698061,,,Software Developer
Science,AI,85.19335663593715,82.04044885743617,87.84278355495921,AI Researcher
Commerce,Finance,69.36647937,,,Finance Analyst
Commerce,"Coding,Finance",91.10966409867424,83.07618074,86.20373517,Software Developer
Arts,"Data,Coding",62.81041503381462,72.82814253009913,,Software Developer
Engineering,Design,89.75397536058325,83.69322591166097,,Software Developer
Science,"Data,Coding",58.24285959709572,65.65773168443855,,Data Scientist
Engineering,"Coding,Data",72.42152967,70.19460184340109,,Backend Developer
Science,Coding,64.81073302589623,,,Software Developer
Engineering,"Healthcare,Design",69.27268574423002,70.06228571087243,81.90982506764661,Software Developer
Commerce,Healthcare,80.66526044147304,73.00902753551046,,Software Developer
Arts,"Design,Coding",75.75256914434331,,72.65338967389792,UI/UX Designer
Arts,"Design,Design",73.81498053007472,72.41377015,,UI/UX Designer
Engineering,"AI,Data",75.44032822014515,73.67137952,,ML Engineer
Commerce,"Marketing,Finance",89.30673653495536,86.16724465814079,86.35868497326796,Software Developer
Commerce,Law,85.07972725797153,,85.74564530681904,Software Developer
Commerce,Design,64.86974474390202,61.74305606906523,,Software Developer
Engineering,"Marketing,Business",69.56231082544379,,74.74381592082624,Software Developer
Science,"Law,Business",90.39341034960017,89.84157182804823,86.50672581399735,Software Developer
Commerce,Law,97.40295277665287,,85.49417340717467,Software Developer
Arts,Coding,72.99285617822717,,,Software Developer
Science,"Business,Finance",93.91502522046139,87.20496804816463,,Software Developer
Science,"Marketing,Marketing",96.01727542419825,,97.7131339,Software Developer
Commerce,"Data,Design",66.00813796755949,69.59891724426764,69.74013862281964,Software Developer
Commerce,Design,71.69930086304709,78.82120772255817,82.34263329,Software Developer
Commerce,"Design,Law",92.60938489284639,100.1346654862202,,Software Developer
Engineering,"Business,Design",74.39595133236229,83.34223915297542,,Software Developer
Commerce,"AI,Business",63.10782985442339,,,Software Developer
Engineering,AI,81.97563724679382,83.93737163157454,84.45494584952682,ML Engineer
Science,"Business,Law",63.684141619755366,58.324506157440965,63.84811787812259,Software Developer
Commerce,"Healthcare,Coding",88.88650794919214,84.61968626288495,,Software Developer
Engineering,Design,75.28317569290465,,80.52007118720837,Software Developer
Engineering,"Law,Marketing",84.35209834204926,89.42234697409035,81.2039815,Software Developer
Science,AI,79.79671546995208,83.63905747670215,,AI Researcher
Arts,"AI,Healthcare",69.80357956176665,,65.52249318217929,Software Developer
Commerce,"Marketing,Coding",89.55929800622154,92.47905172,,Software Developer
Science,Coding,64.76578608,71.08728869226175,63.59209388430189,Software Developer
Arts,"AI,Design",84.37488231707336,82.72751816911952,88.73298825442023,Software Developer
Engineering,Law,86.42312557959562,,89.79741313094011,Software Developer
Commerce,Finance,92.95354464345225,87.08012708810024,,Finance Analyst
Science,"Data,AI",91.97765042007511,86.17159855243821,78.81863008071785,Data Scientist
Commerce,"Data,Business",97.69009055347477,95.84914672444253,,Software Developer
Science,"Marketing,Finance",81.23508179680438,74.72073898573143,74.25805321370247,Software Developer
Engineering,"Data,Law",94.66165299204579,89.84735092,,Data Scientist
Engineering,"Marketing,Healthcare",61.17809910250091,,66.77579387702366,Software Developer
Commerce,Finance,93.23846655278781,91.30440226720883,94.50944598275659,Finance Analyst
Arts,Healthcare,80.99945913,81.00426857132844,72.87869680424916,Software Developer
Engineering,AI,93.60164425799664,93.83202823,,ML Engineer
Engineering,"Coding,Finance",80.70778932492449,,78.63294403648166,Backend Developer
Science,Coding,88.33357147,87.93844529625947,83.82787291311946,Software Developer
Commerce,"AI,Healthcare",72.72960319,69.18437447,69.26476138146153,Software Developer
Commerce,"Law,Data",59.483389050441104,55.68975423372078,,Software Developer
Commerce,"Coding,Healthcare",82.90959889955165,,78.43325019662976,Software Developer
Arts,"Business,Marketing",92.64532895,94.80025614626476,95.26012828216872,Software Developer
Arts,AI,88.11786666166849,90.39806590940022,,Software Developer
Arts,"Healthcare,Law",80.01868052617773,77.10011619506761,,Software Developer
Science,"Coding,Healthcare",77.97154692755544,68.00403830369027,75.32053203406993,Software Developer
Science,Coding,81.23236586710695,83.77194026416447,,Software Developer
Arts,Design,81.65202470143895,,,UI/UX Designer
Arts,"Coding,Coding",59.74082195,,,Software Developer
Commerce,"Coding,Data",78.36164094851925,,,Software Developer
Science,"Healthcare,Data",81.62276701819937,79.94421837,90.40895051952461,Doctor
Engineering,"Law,Law",67.10169659040686,66.60925790191722,,Software Developer
Commerce,Law,74.97752773056814,,,Software Developer
Commerce,"Design,Coding",67.54856997513288,64.32715836508356,,Software Developer
Arts,"Coding,Healthcare",58.99483499753266,65.40358274541242,69.44958400235474,Software Developer
Science,"Business,AI",79.73882199647143,70.78200053638379,,Software Developer
Science,"Healthcare,Healthcare",76.35783144256898,72.65749530192967,,Doctor
Engineering,AI,60.87081338241444,65.29370734497681,,ML Engineer
Science,"Design,Marketing",66.35492912685176,72.63148583,,Software Developer
Science,Marketing,65.87165112086156,58.24062778202998,56.498941608389515,Software Developer
Science,"Data,Coding",63.081869566569225,,,Data Scientist
Arts,"Business,Coding",84.71461547745861,91.93665914230527,89.69206267735699,Software Developer
Commerce,Marketing,65.62839081758565,60.96148889932033,76.15679465141622,Software Developer
Engineering,Healthcare,67.86271379615334,,,Software Developer
Commerce,AI,82.83167224948322,75.87072911292269,88.70349378866965,Software Developer
Arts,Healthcare,81.34211837079927,,,Software Developer
Engineering,Coding,86.99360996,91.74959804244311,90.53508969992122,Backend Developer
Arts,Marketing,66.34907517023854,65.36486805,,Content Strategist
Commerce,Law,77.10120010055391,77.51185463015032,73.74543758432719,Software Developer
Commerce,"Data,AI",82.63728216320122,91.79203601898777,,Software Developer
Engineering,"Business,Design",67.41370623595272,,61.993504805611465,Software Developer
Arts,"Business,Coding",78.21242814657371,,88.43908990434626,Software Developer
Science,Marketing,66.45258455447957,65.54465073111855,60.31812442367551,Software Developer
Arts,Marketing,79.09596730518535,,,Content Strategist
Commerce,"Coding,Healthcare",91.54922778,92.40934034523512,,Software Developer
Science,"Healthcare,Coding",90.14301311095306,,,Doctor
Arts,Business,70.53219349331856,66.38812461,,Software Developer
Science,"AI,Design",88.15106449,89.07929753230377,,AI Researcher
Science,Healthcare,79.15017793641961,,77.43387151884923,Doctor
Arts,"Coding,Coding",57.00470168682056,56.23461245,,Software Developer
Science,Design,74.80264919,67.65241123288844,72.58728768300205,Software Developer
Arts,AI,64.11328174,67.54828518,61.430263876270054,Software Developer
Science,"Finance,Data",65.29089658146754,,58.86821007595719,Software Developer
Arts,"Data,Law",67.32947050669088,,79.24156958,Software Developer
Science,"Design,AI",65.63925891081406,67.66782342844009,,Software Developer
Science,"Finance,Marketing",82.54147418310627,82.11573959,72.97675397805297,Software Developer
Engineering,Marketing,80.34265403,78.32195685643427,89.29040068797019,Software Developer
Arts,AI,97.02571905469024,,,Software Developer
Arts,Marketing,81.69041074816937,75.74619248663666,,Content Strategist
Science,"Law,Marketing",77.24473886852923,82.40285948404558,75.63070683136611,Software Developer
Engineering,"Healthcare,Marketing",66.83128990986872,69.33266926805332,71.46585037242541,Software Developer
Arts,"Business,Healthcare",85.43584167296272,88.03483790205485,97.60641255966212,Software Developer
Science,Business,79.67552869197009,80.27280341818496,,Software Developer
Commerce,"Healthcare,Design",67.15770770091575,68.46739564415344,78.04551303796646,Software Developer
Arts,"Data,Healthcare",75.36737098941113,,79.07545360431892,Software Developer
Engineering,Data,66.30528226119739,71.13034898293029,,Data Scientist
Commerce,"Finance,Marketing",80.13817543,90.13463718019068,,Finance Analyst
Science,Marketing,92.26698126767114,,92.61371565873053,Software Developer
Arts,Law,70.5166838,,,Lawyer
Science,Healthcare,84.47240786694735,84.01659526473019,82.56267673501443,Doctor
Science,"Business,Law",72.25426576,72.14733199338498,,Software Developer
Engineering,"AI,Marketing",64.85381115934248,60.29629145425733,67.52949431603236,ML Engineer
Engineering,"Coding,Finance",78.13108258,,,Backend Developer
Engineering,Business,85.87575658474577,90.02208083635857,,Software Developer
Engineering,"Coding,Business",82.97960000871178,,,Backend Developer
Commerce,Marketing,79.84117640861488,,,Software Developer
Engineering,Business,81.20611504335018,74.80152249508075,,Software Developer
Science,Marketing,69.08320152733336,71.52830210681162,62.74690684477138,Software Developer
Commerce,"AI,Data",56.76098794428401,,,Software Developer
Commerce,"Marketing,Business",86.18534099386602,84.63072486786352,,Software Developer
Engineering,"Coding,Design",90.53507707003105,,,Backend Developer
Engineering,Marketing,92.49289043072902,93.88710689593762,87.41469937676239,Software Developer
Science,"AI,Finance",75.53522567777206,84.31245217789167,85.03103813723914,AI Researcher
Engineering,Law,91.68656481853448,95.53871977668925,88.07938185075065,Software Developer
Science,"Finance,Business",68.05364557903718,,,Software Developer
Science,"Data,Finance",72.51940127,72.59886775108654,,Data Scientist
Science,"Healthcare,Healthcare",80.68212810808816,83.73256547579591,,Doctor
Commerce,"Marketing,AI",91.58675040732783,93.82757533268145,94.23907200011938,Software Developer
Engineering,Design,70.32422927148721,72.51227950001989,68.08228404741307,Software Developer
Commerce,"Finance,Data",65.05795743475413,61.19778991571099,,Finance Analyst
Engineering,Marketing,71.03920038913968,,,Software Developer
Arts,AI,70.40763089,70.69320082,,Software Developer
Science,"Design,Design",87.49613150752012,85.24048586070003,90.60008991064765,Software Developer
Science,"Law,Coding",60.40948105891377,61.67357629346019,,Software Developer
Commerce,"Marketing,Marketing",93.18393156,,,Software Developer
Science,"Law,Healthcare",62.78530603,58.487179552198164,,Software Developer
Arts,"Law,Marketing",74.74208549395364,,,Lawyer
Engineering,"AI,Design",84.50246420814561,,74.02866173169787,ML Engineer
Arts,"Finance,Law",82.48825221993812,,,Software Developer
Science,"Marketing,Marketing",83.28435691525792,92.55611059289842,,Software Developer
Commerce,"Marketing,Healthcare",65.90837416,60.24520475033248,63.45172390623809,Software Developer
Science,Design,73.02147366852753,,,Software Developer
Commerce,"Coding,Finance",88.63075469141278,84.61954765278158,83.81108819249644,Software Developer
Commerce,Coding,83.92270840449505,,,Software Developer
Commerce,Data,81.60429173,,,Software Developer
Science,Business,74.66981787091137,72.11371934232834,,Software Developer
Engineering,AI,70.83715314969065,,,ML Engineer
Commerce,Business,90.55129569,81.89409041424386,86.18780195266737,Business Analyst
Commerce,Coding,93.73339695174981,97.92463502,,Software Developer
Arts,Business,76.41882223232953,,78.65912481819754,Software Developer
Arts,"Business,Law",57.03340446008616,58.60202846625775,,Software Developer
Engineering,"AI,AI",79.53217112052583,81.60019747665504,,ML Engineer
Commerce,"Marketing,Data",68.81006825,62.253463344003436,66.49695931,Software Developer
Commerce,"Business,Business",69.23161595531953,,74.96379372339176,Business Analyst
Engineering,Business,78.93146744,77.73554702838592,,Software Developer
Commerce,"Data,Design",63.701399084883214,61.11752939661897,,Software Developer
Arts,"Healthcare,Healthcare",93.53016529993167,86.45489220956436,,Software Developer
Science,Healthcare,69.64421743436142,,73.45789288553884,Doctor
Arts,"Finance,Coding",76.27877466051339,84.60773701323947,81.02522358,Software Developer
Commerce,Law,78.04669005,75.64539126987408,71.59834606673715,Software Developer
Commerce,Law,62.95306875135475,55.81391952702071,,Software Developer
Arts,"Design,Finance",83.84498617222647,,,UI/UX Designer
Arts,"Data,Finance",63.52287103448418,56.294099449783175,57.68803381375353,Software Developer
Engineering,"AI,Data",64.83397153479218,56.196082755175595,,ML Engineer
Arts,Business,88.39369918405944,89.77721904041529,,Software Developer
Engineering,"AI,Coding",76.23539333346869,69.80089162237338,,ML Engineer
Engineering,"Marketing,Design",82.83034474213632,77.33570848424512,,Software Developer
Arts,"Business,Design",75.92070064046197,,,Software Developer
Commerce,Finance,69.33616587451755,63.85855166179993,66.81185461651451,Finance Analyst
Arts,"Data,Data",80.49729847639838,,85.95661196,Software Developer
Science,"AI,Data",76.38897266205377,76.37290507855762,,AI Researcher
Science,"Law,Law",75.03576979119836,72.71963456,,Software Developer
Science,"AI,Data",94.16803858785258,87.02840249348182,84.22595642941378,AI Researcher
Science,Coding,78.20441013,80.82439361908888,81.53029545049324,Software Developer
Engineering,Law,92.88219911501697,92.51266000463755,,Software Developer
Arts,"Business,Marketing",89.03662350108186,,93.48025563960701,Software Developer
Science,"Finance,Healthcare",66.13631153145948,,,Software Developer
Engineering,"Business,Healthcare",71.91726054045527,70.14872770898631,,Software Developer
Arts,Design,56.92970774064833,,53.35048808569701,UI/UX Designer
Science,"Law,Law",63.260931943160685,56.30713525278194,69.35573315,Software Developer
Arts,"Law,Business",69.52685786425543,70.23153774,74.25704522951582,Lawyer
Commerce,Coding,81.75373772,80.37820297,75.93151912351402,Software Developer
Arts,"Design,Finance",84.31209358561965,81.12895812320593,,UI/UX Designer
Science,"Design,Marketing",77.96383261698824,82.18679715,,Software Developer
Commerce,"Design,Coding",71.04235251316774,65.13537545638043,67.95639293261648,Software Developer
Arts,Coding,81.27897297982638,,,Software Developer
Science,Law,79.49336267389877,70.80710931,,Software Developer
Commerce,"Law,Finance",83.71581601,84.78866128,88.89310945,Software Developer
Commerce,"Finance,Marketing",79.42502652518719,,,Finance Analyst
Commerce,"Law,Law",90.28665527980966,89.60767421820532,93.68575980793263,Software Developer
Science,"Marketing,Design",67.28795122908362,66.71377707446946,,Software Developer
Commerce,Finance,86.31905621780835,,83.11206517698143,Finance Analyst
Engineering,Finance,72.83187187612513,,72.57022954111898,Software Developer
Commerce,"Finance,Law",73.1759203,81.73105150484895,73.65821443837538,Finance Analyst
Commerce,"Law,AI",67.52524992299244,,75.59560409489754,Software Developer
Commerce,"Healthcare,Finance",95.80505732381776,97.70847597409922,93.96746366018338,Software Developer
Science,Business,67.59065255376717,70.84233131671043,,Software Developer
Commerce,"Law,Design",85.48602890445201,93.83570133123912,87.95625683852086,Software Developer
Engineering,"AI,Law",90.27078355,,,ML Engineer
Arts,"AI,AI",69.76357653588872,,,Software Developer
Engineering,"Business,Healthcare",88.17028719069931,85.25465406696789,89.64080990636197,Software Developer
Commerce,"Data,Data",66.92022267713021,69.56712323522923,,Software Developer
Engineering,"Design,Coding",81.68535281198072,,70.46997221215206,Software Developer
Commerce,"Design,Coding",66.18190252,,,Software Developer
Engineering,"Coding,Business",87.97535965832903,87.72251164493659,,Backend Developer
Arts,"Business,Healthcare",64.36849748191108,68.39569814577585,60.617285070231354,Software Developer
Science,Healthcare,62.12740508,72.26467501961305,,Doctor
Engineering,Healthcare,67.96155694264903,,77.19213905435902,Software Developer
Engineering,"Design,AI",93.13458636374106,90.86724729716991,,Software Developer
Engineering,"Data,AI",83.69610721443097,77.34315147635566,,Data Scientist
Commerce,"Coding,Business",90.89202177,86.26180846265876,87.51784007,Software Developer
Commerce,"Coding,AI",66.65723876468805,68.27710477125709,,Software Developer
Science,"Marketing,Marketing",62.76005045131872,,,Software Developer
Engineering,Design,71.46080169433759,,,Software Developer
Science,"Design,Law",78.51290147190925,80.41190791094164,,Software Developer
Commerce,AI,84.38527581394217,82.81780378699955,,Software Developer
Engineering,"Law,Design",84.71481272244048,89.05429078887326,,Software Developer
Arts,"Business,Healthcare",97.65824357110576,,93.24036772,Software Developer
Arts,"Marketing,Marketing",84.35342849432763,,89.19727576,Content Strategist
Science,Coding,88.00514291124836,82.11079442987425,77.21680858927172,Software Developer
Science,Coding,88.31933954755777,84.98057779835993,82.36244841303329,Software Developer
Arts,"Data,Finance",62.60288115,60.72231607160633,,Software Developer
Arts,Business,86.04434121007084,93.68832467957395,,Software Developer
Science,Finance,64.78225799939841,,,Software Developer
Commerce,"Finance,Finance",86.58288123832253,,,Finance Analyst
Arts,"Marketing,Healthcare",74.22092812658215,73.72092700484309,68.20588799116913,Content Strategist
Engineering,Data,69.68412799698855,75.28708761261503,,Data Scientist
Arts,Design,61.68171133332229,,66.39295418884915,UI/UX Designer
Engineering,"Marketing,AI",87.61316002892796,90.49966609751039,91.04662354497162,Software Developer
Commerce,"Marketing,Healthcare",80.11651226903386,73.85859163794467,71.77645586551877,Software Developer
Engineering,"Business,Business",90.52496428235762,88.91834945,,Software Developer
Commerce,"Healthcare,Design",76.44898634804593,76.30186113,,Software Developer
Science,Marketing,89.36281378127156,77.68788031599502,91.38353314379752,Software Developer
Engineering,"Law,AI",70.23607646,,,Software Developer
Arts,"Marketing,Coding",83.41334785030033,82.20768403577094,,Content Strategist
Arts,Business,79.18202471879883,79.96486917335777,85.78017487950389,Software Developer
Science,"Data,Healthcare",91.16981158111008,,97.35742314100064,Data Scientist
Commerce,"Marketing,Data",78.74226201427136,,,Software Developer
Arts,"AI,Data",85.88156253449769,84.54644180034553,,Software Developer
Arts,"Design,Coding",80.3526512,,,UI/UX Designer
Science,Data,65.79536529,68.42189570048384,,Data Scientist
Science,"Finance,Marketing",73.64013457342146,,71.76761188363716,Software Developer
Engineering,"Coding,Data",85.8483375,81.14976508153833,,Backend Developer
Commerce,Business,89.62439789680805,,,Business Analyst
Engineering,AI,90.42085774225987,,,ML Engineer
Science,"Business,Healthcare",56.10881182821561,67.63184533886093,,Software Developer
Arts,Design,68.27764246010392,,,UI/UX Designer
Engineering,"Data,Finance",86.42539432164665,,76.89552237856435,Data Scientist
Arts,Data,70.55329161893275,,66.78836335566248,Software Developer
Commerce,Healthcare,70.38395428944881,66.75645488715237,76.13641694,Software Developer
Arts,"Healthcare,Finance",81.03502574140684,79.3861943,79.93313831764647,Software Developer
Arts,Marketing,63.51286864555224,56.83994108767005,59.52925330614121,Content Strategist
Arts,Healthcare,58.45246411450327,67.54687501343041,,Software Developer
Commerce,"Law,Marketing",69.26198841608577,,65.43724023797299,Software Developer
Engineering,Finance,66.53046037366039,72.69812172069247,75.5781294,Software Developer
Engineering,Coding,71.43709761683374,,63.00800614386671,Backend Developer
Commerce,"Coding,Coding",57.65283654468422,58.769935863506205,57.44569077701621,Software Developer
Engineering,Healthcare,88.97516718204704,,,Software Developer
Science,Law,58.06320228681732,60.015206696426404,64.34606849139354,Software Developer
Engineering,"Marketing,Design",74.05909553511009,66.82110927017229,,Software Developer
Science,"Design,Law",92.86614013,,99.97152871248898,Software Developer
Engineering,AI,71.55026990554873,,,ML Engineer
Commerce,Data,70.48847422177076,,79.96417916,Software Developer
Arts,AI,59.913758505736034,,56.186331538441905,Software Developer
Commerce,AI,63.179501112763596,62.87421696789651,73.28932565071662,Software Developer
Arts,Marketing,55.80675387147284,61.97985713130038,54.95805451038081,Content Strategist
Arts,Law,83.29519678129907,83.59714061293555,83.28615552672949,Lawyer
Engineering,Finance,91.54803269664279,85.64527032746793,88.20718273666381,Software Developer
Commerce,Coding,86.43647353184203,92.38592136232364,,Software Developer
Science,Coding,64.31276728444836,,,Software Developer
Engineering,"Finance,Coding",89.09365174620616,,,Software Developer
Commerce,"Business,Marketing",83.97711194425533,,80.57037179487446,Business Analyst
Engineering,"Business,Coding",91.95587045072097,83.62670451235174,87.14422502808809,Software Developer
Engineering,Finance,74.27461186561827,,82.86920852055238,Software Developer
Science,"Finance,Business",71.59721196,,,Software Developer
Engineering,"Coding,Data",76.71071554110411,81.41265983681107,,Backend Developer
Engineering,"Healthcare,Finance",81.38948401438009,,,Software Developer
Engineering,"Healthcare,Design",88.12301965250403,90.46452624614581,92.53360099411243,Software Developer
Arts,"Finance,Design",95.26495054996055,90.65250256,,Software Developer
Commerce,Business,66.70193837747215,,65.14954944346212,Business Analyst
Commerce,"Law,Marketing",59.473973003907325,54.32650442347219,68.50334237,Software Developer
Arts,"Coding,Business",71.17297367331538,65.96164423605099,,Software Developer
Engineering,"Law,Healthcare",77.22933870550015,66.19038762161148,68.46153660429741,Software Developer
Engineering,AI,64.29509545637895,60.95812642,,ML Engineer
Commerce,"Law,Design",65.74418144933419,63.464458559664415,77.04637619279336,Software Developer
Commerce,"Business,Healthcare",72.98487035475601,,70.01542593348822,Business Analyst
Commerce,Healthcare,58.452079898010936,,61.403264124322824,Software Developer
Engineering,"Data,Coding",70.84186191537869,,68.56773095085137,Data Scientist
Science,"Law,AI",66.65008333756397,62.04445496744238,,Software Developer
Arts,"Design,Business",64.37683656901959,,58.121888209073994,UI/UX Designer
Engineering,Law,67.42525305570642,73.85827076536172,74.01046956178763,Software Developer
Arts,"Coding,Law",67.39611068222264,74.75627043037456,,Software Developer
Commerce,Finance,69.75695074358636,75.21959193327005,78.64683506714071,Finance Analyst
Arts,"Marketing,Data",70.08277297050806,62.01294204379366,68.07023891851314,Content Strategist
Commerce,Coding,89.10659655564324,97.42460929,,Software Developer
Science,Law,69.83521242581719,69.95266961989923,,Software Developer
Commerce,"Finance,Marketing",67.68873271,,61.53269985,Finance Analyst
Engineering,Healthcare,61.639703510632685,70.80255240037123,67.05372004066936,Software Developer
Science,Data,81.36484211414624,84.99415998105952,,Data Scientist
Engineering,Design,61.39377965963859,,68.09366752733678,Software Developer
Engineering,Law,56.22330220109121,55.816177321895694,51.15482784,Software Developer
Commerce,Coding,70.61747249226619,65.53872285,81.25007827427832,Software Developer
Science,Law,76.40355243404653,72.09606115839095,77.58686043206633,Software Developer
Engineering,"Coding,Finance",62.78382024025168,55.16969285021258,,Backend Developer
Science,Marketing,87.16547951014985,93.12753641030098,81.28853465229678,Software Developer
Engineering,"Design,Coding",86.34378686933239,,,Software Developer
Arts,"Law,Law",88.14944564117943,96.76627853876073,86.32046776941552,Lawyer
Engineering,Business,76.55528442146809,76.95347684534745,,Software Developer
Commerce,Healthcare,68.74509206092526,,,Software Developer
Commerce,"Marketing,Healthcare",89.26805352131947,,,Software Developer
Engineering,Finance,85.52888372391116,,85.61224295885117,Software Developer
Commerce,"Healthcare,Coding",85.01124234193942,90.42025121283142,,Software Developer
Science,"Coding,Coding",84.44467314487666,83.54840985,,Software Developer
Commerce,"Law,Finance",72.21703614,67.32551577073001,79.44155635373845,Software Developer
Engineering,"Design,Coding",65.52993803576206,70.23446662265599,64.16313905732703,Software Developer
Commerce,"Design,Healthcare",81.79491168,86.90225142792481,,Software Developer
Commerce,Marketing,79.49212611758017,76.60598216173865,,Software Developer
Engineering,"Design,Data",73.78541373057345,75.23865788064127,79.22821221,Software Developer
Arts,"Coding,Design",74.58396899819614,,82.68092474687543,Software Developer
Arts,Finance,62.395116461459175,62.823759116487025,,Software Developer
Engineering,"Finance,Design",60.84082370200577,67.04108172238179,,Software Developer
Arts,Finance,83.32085993544638,78.93247004250604,,Software Developer
Arts,"AI,Data",75.93249904857986,66.38589674,67.58596245697858,Software Developer
Arts,"Business,Healthcare",78.84733692997224,,,Software Developer
Commerce,Business,83.67751658137517,77.20345649550022,71.45434235332233,Business Analyst
Commerce,"Business,Data",93.25730249060133,92.07301626246826,,Business Analyst
Engineering,Business,90.33083520365138,87.05376401893452,,Software Developer
Commerce,"Coding,Marketing",84.81710502874773,90.56853011748684,76.51614692527897,Software Developer
Commerce,Data,71.66473523920367,,,Software Developer
Science,"AI,Law",59.543582506926036,64.65221101495572,,AI Researcher
Engineering,"Marketing,Healthcare",88.97422612748639,,,Software Developer
Commerce,"AI,Design",84.86888249,90.79243550893963,,Software Developer
Science,"AI,Law",93.82774114205935,93.28245527079264,,AI Researcher
Arts,"Coding,Design",57.16532357810877,64.74107146936146,61.344059918070066,Software Developer
Engineering,Healthcare,76.11511451556778,,73.23314258367373,Software Developer
Science,Healthcare,63.601357394850126,,64.00875426511287,Doctor
Science,"Healthcare,Design",86.93820152004804,78.74549201264647,75.38248165288368,Doctor
Science,Healthcare,84.73713072,87.69688217644655,83.84335756696608,Doctor
Arts,Healthcare,64.33408029721191,64.31065117504117,,Software Developer
Arts,"Business,Design",64.04404522934684,,,Software Developer
Science,Finance,65.86118251854344,73.39395123914205,,Software Developer
Engineering,"Finance,Design",68.16343749,,62.707762937791514,Software Developer
Commerce,"Data,Finance",82.63937384078525,89.08021362552164,93.48647406649505,Software Developer
Arts,"Law,Coding",85.29612987051696,,,Lawyer
Arts,Healthcare,89.77964454,,,Software Developer
Science,Coding,78.19437188678071,74.21537892798348,79.68308229966587,Software Developer
Engineering,Healthcare,78.87401186995339,,,Software Developer
Science,"AI,Finance",84.13371954625977,87.35081990839277,,AI Researcher
Commerce,"Healthcare,Healthcare",68.16469231892405,,74.39779779445807,Software Developer
Engineering,AI,95.35209736,85.56020592889921,,ML Engineer
Arts,Coding,74.42213946244657,70.33502112181422,,Software Developer
Science,Design,97.14856346220066,99.54290009941637,100.11034427109372,Software Developer
Science,"Business,Business",89.11082260767688,,,Software Developer
Engineering,Data,62.95592316068223,62.24817388953117,56.102792334164164,Data Scientist
Commerce,AI,81.01763890880885,,79.09157276229506,Software Developer
Engineering,Coding,94.59776364887163,89.12524227,99.50722699722942,Backend Developer
Commerce,Law,70.70071444,67.81109358121361,,Software Developer
Commerce,AI,74.57710011358667,71.74852467487297,,Software Developer
Commerce,Healthcare,82.77026358473546,86.92847424,,Software Developer
Engineering,"Business,AI",91.24223709553819,,101.02903215957281,Software Developer
Commerce,"Finance,AI",95.19605282376077,94.19312824212653,101.66274228734136,Finance Analyst
Commerce,Finance,62.131812470273246,65.17937276501029,69.98868004681917,Finance Analyst
Commerce,Marketing,70.99035263,71.52532062910946,,Software Developer
Engineering,"Data,Law",83.61393919664732,87.78209031656978,,Data Scientist
Science,Healthcare,81.24457420334416,,,Doctor
Commerce,"Marketing,Finance",77.18796909389512,,,Software Developer
Engineering,"Data,Marketing",71.20329969448652,77.78692257772255,69.73004189523073,Data Scientist
Arts,Finance,64.77011597028368,,65.26743541,Software Developer
Arts,"Design,Marketing",64.89265276121537,58.55975125223333,,UI/UX Designer
Commerce,"Healthcare,Design",67.51399937,68.72374180784169,58.025206926603786,Software Developer
Engineering,Healthcare,77.17114185160086,77.39542304552829,,Software Developer
Commerce,Design,61.64136485244489,,,Software Developer
Commerce,Coding,76.10810413171035,78.59791605763868,82.11496505609833,Software Developer
Science,"Business,AI",68.56689203,70.39344328,,Software Developer
Commerce,"Coding,Marketing",82.68172396835072,85.74174536,,Software Developer
Commerce,"Business,Design",65.27748890997813,,,Business Analyst
Arts,"Marketing,Design",64.87893671182702,62.49930163107909,61.80881483503997,Content Strategist
Engineering,AI,97.17803981,87.89115321414963,84.53494024768342,ML Engineer
Engineering,"Law,Design",92.14687012233824,85.15221942274536,82.87031839878658,Software Developer
Arts,Marketing,66.10086715782322,66.31885415,,Content Strategist
Commerce,Business,72.26885449276602,64.42402225576458,67.59152550892607,Business Analyst
Science,"Business,Coding",85.83854297860812,87.06686703841953,92.67537011846271,Software Developer
Arts,"Healthcare,Marketing",94.51482264918992,89.85464532615823,95.25278448865116,Software Developer
Engineering,AI,81.73223595135745,83.23934113,,ML Engineer
Science,"Design,Design",70.49446878483599,,67.19340539,Software Developer
Science,"Coding,Healthcare",67.54941466559092,,,Software Developer
Arts,"AI,Finance",84.03519299378628,,,Software Developer
Engineering,"Healthcare,Healthcare",71.22799845490314,68.13673878294856,,Software Developer
Commerce,"Design,Healthcare",75.49479166181149,84.43865043031411,77.57283519463354,Software Developer
Commerce,"Design,Finance",65.43304136,61.18937637777889,,Software Developer
Arts,"AI,Law",71.89766451,62.975132853027254,,Software Developer
Science,Finance,86.05641639944888,93.95725959785347,,Software Developer
Engineering,"Marketing,Finance",59.75084206572405,56.04031512014083,67.65312268546195,Software Developer
Science,Data,61.448549712123366,68.53322687895158,67.45080515971559,Data Scientist
Arts,"Healthcare,Healthcare",90.85850830465432,,90.49761788,Software Developer
Arts,"Design,Design",83.02151167685771,89.19029693899905,,UI/UX Designer
Engineering,AI,79.27340007083788,78.87397971431486,67.30458287934745,ML Engineer
Arts,"Finance,Data",70.96800900831306,78.99105415307545,65.66408779,Software Developer
Engineering,"Business,Business",92.93572270973033,,,Software Developer
Science,"Healthcare,Data",56.167953985645546,54.163368360347135,58.84558009964283,Doctor
Engineering,"Coding,Law",83.00553360914216,77.01347826654529,,Backend Developer
Arts,"Healthcare,Business",64.12787627419978,56.62528879039121,71.24779275557624,Software Developer
Engineering,Design,69.60157515171659,,,Software Developer
Engineering,"Law,Finance",65.58884976199893,,64.80981870595008,Software Developer
Engineering,Healthcare,89.76086061060667,81.95900444938358,90.42385521,Software Developer
Engineering,"Business,AI",68.36954264642966,65.84525307271892,,Software Developer
Arts,Design,79.24864236630384,82.88828459763221,76.24479813,UI/UX Designer
Science,AI,84.25075373236666,81.84025773915772,81.00448437027413,AI Researcher
Engineering,"Data,Marketing",76.77379810584367,,,Data Scientist
Commerce,Marketing,97.0480613,87.27971944444519,,Software Developer
Commerce,AI,59.77359631474077,62.725159356781155,,Software Developer
Science,"Marketing,Data",80.81025946,77.81491320930483,,Software Developer
Engineering,"Finance,Coding",82.81574098791387,74.74586522,,Software Developer
Arts,Finance,82.63317223750924,,,Software Developer
Science,Law,65.01627124500432,66.71517138936753,,Software Developer
Engineering,"Law,Design",86.44861582,76.44376410559411,78.68095678234897,Software Developer
Engineering,"Healthcare,Finance",70.50326320057859,,63.620418395335534,Software Developer
Commerce,"Finance,Data",82.43746021206522,81.37605101,82.58437873,Finance Analyst
Commerce,"Finance,Marketing",77.82861089660746,85.33448453009832,88.51187669478057,Finance Analyst
Commerce,Marketing,79.55719287936917,,87.35492148486364,Software Developer
Commerce,Finance,62.38579058148538,,,Finance Analyst
Science,Design,83.74129402127227,79.32232295267103,,Software Developer
Engineering,"Law,Coding",94.42281706966597,98.24284663,,Software Developer
Science,"AI,Finance",67.20658813854921,,77.01199040475791,AI Researcher
Engineering,"Data,Marketing",67.07685039,71.38667244308064,,Data Scientist
Arts,AI,82.72290518493074,78.29256653268197,77.69564447114803,Software Developer
Commerce,Design,79.49043730027897,83.30625515418478,,Software Developer
Science,"AI,Marketing",80.12072131941605,83.79498273,79.15337047,AI Researcher
Arts,AI,60.44948454382445,57.60072557441024,,Software Developer
Science,"Business,Design",86.28343729516854,,90.77442459848919,Software Developer
Engineering,Coding,60.22691852449893,66.16740832831167,,Backend Developer
Arts,AI,88.85282946318367,94.68265732711862,,Software Developer
Arts,Healthcare,83.85743350687227,86.61689292041733,,Software Developer
Engineering,Law,75.59425674,,,Software Developer
Arts,Marketing,75.50282728459183,,64.77108366,Content Strategist
Engineering,Design,78.14193309358772,73.16419912227033,80.72695273244716,Software Developer
Science,"AI,Coding",82.99913269,83.67233441830835,,AI Researcher
Arts,"Design,Marketing",74.88568927934386,83.29333847094422,87.55223910699266,UI/UX Designer
Engineering,Business,64.59228951331775,67.50310518901414,67.12028777206979,Software Developer
Arts,Healthcare,88.80628388812774,,,Software Developer
Science,Law,66.09451163974833,68.70316498963331,,Software Developer
Arts,"Coding,Business",94.33419751724423,94.94863066825164,,Software Developer
Commerce,Business,66.22849631847251,,,Business Analyst
Science,Coding,73.88590128251519,,77.12580037266464,Software Developer
Engineering,Coding,91.87974859153825,95.31760168886353,98.92230461134386,Backend Developer
Science,"Healthcare,Finance",66.23305247158683,64.66528122595834,73.03173125,Doctor
Engineering,"Marketing,Marketing",91.39642099,96.51221640906147,89.17346782809065,Software Developer
Engineering,Finance,81.88395080755673,,,Software Developer
Arts,"AI,Healthcare",89.45476502782343,83.87991205167384,,Software Developer
Commerce,"Coding,Design",65.74379733450826,,,Software Developer
Science,Law,70.10141319578989,76.88567075781258,75.75346784328343,Software Developer
Science,"Design,Finance",77.75055777367622,67.23785668131514,,Software Developer
Commerce,Coding,78.80793406282368,81.01229239683138,74.41573539806174,Software Developer
Arts,"Design,Business",64.49260693625068,,,UI/UX Designer
Science,"Healthcare,Data",60.56163214,60.21247779057384,,Doctor
Arts,Healthcare,89.79874650240932,90.96685685,99.79477911036454,Software Developer
Commerce,"Healthcare,Finance",71.83230028107705,74.85214427379952,81.79939799340058,Software Developer
Science,Marketing,81.56731415,,79.10537714013284,Software Developer
Engineering,"Design,Marketing",62.46030921586312,61.006462672454965,52.27925332244148,Software Developer
Commerce,"AI,Design",92.55724236762389,95.00610474172193,,Software Developer
Commerce,Coding,84.59648052,92.79258263909051,83.40692265655137,Software Developer
Commerce,AI,90.81209391856503,93.30560293988576,,Software Developer
Arts,Healthcare,71.93777343943778,78.35480633,83.83367570234401,Software Developer
Science,AI,70.66130151947712,72.85855506,74.51629247,AI Researcher
Commerce,"Marketing,Business",76.18701024496268,,,Software Developer
Science,"Finance,Marketing",87.70927597058723,89.5895891,,Software Developer
Arts,Business,87.88672171490174,85.88894465055674,,Software Developer
Engineering,Marketing,61.969200917566994,61.820214941975784,,Software Developer
Engineering,"Marketing,Marketing",78.02831927631098,,76.40706258540172,Software Developer
Arts,Business,97.19627405975562,93.72949147196668,,Software Developer
Commerce,"Coding,Business",97.15428843374004,97.01746997828533,102.34890814741492,Software Developer
Commerce,Coding,87.84585954310401,85.82649617,,Software Developer
Commerce,"Coding,Marketing",77.35041794707763,77.75106148229031,78.77007920750879,Software Developer
Commerce,Business,78.34418516781749,,88.20190495311246,Business Analyst
Engineering,AI,84.63011262473783,89.43642411,,ML Engineer
Commerce,"Design,Data",64.05865387023049,65.64784575648929,58.92000828251827,Software Developer
Science,AI,96.34591489868924,95.25775009222484,98.05004756292522,AI Researcher
Commerce,Marketing,79.25142737600376,,88.76605312,Software Developer
Science,"Marketing,Healthcare",80.02486702,,,Software Developer
Engineering,Marketing,90.71687088984027,84.51911382301144,,Software Developer
Engineering,"Business,Business",79.77184299674485,89.09827293611679,,Software Developer
Commerce,Healthcare,78.09981638386179,68.35167540403222,73.50730772,Software Developer
Engineering,Healthcare,80.61137223551964,,73.34544121942682,Software Developer
Science,Finance,72.42012225,74.16483538,,Software Developer
Engineering,"AI,Marketing",65.37581771359162,62.93622201071928,70.06523459376443,ML Engineer
Arts,"Coding,Coding",84.04294157282413,,,Software Developer
Engineering,Finance,65.82957556339029,62.09611930064984,62.48709567812713,Software Developer
Arts,Healthcare,70.72436893122837,72.19737832293964,70.05734017370303,Software Developer
Commerce,"Healthcare,Coding",71.25521019857216,,68.92743995762842,Software Developer
Arts,Marketing,66.64850379865716,62.78136429,,Content Strategist
Arts,"Law,Finance",89.82317251,92.03200044383424,,Lawyer
Arts,Healthcare,95.45395553907964,100.17932531784543,,Software Developer
Engineering,Data,75.76837360057146,74.82554093413633,,Data Scientist
Science,"Data,Marketing",65.61754132639594,,,Data Scientist
Commerce,Finance,83.62507131906008,,,Finance Analyst
Engineering,"AI,Finance",87.39959678528604,,,ML Engineer
Science,"Coding,Healthcare",74.56378674073665,78.75489744554274,70.82226643,Software Developer
Science,Design,63.67327750144999,57.58998604270562,63.66000542442988,Software Developer
Engineering,Business,83.85520001165762,77.08851992331212,,Software Developer
Science,"Finance,Business",77.81158579703347,,83.10350568194747,Software Developer
Engineering,"Marketing,Finance",66.93364471,70.79641633637576,,Software Developer
Science,"Data,Finance",60.05603946448619,,59.15234777293476,Data Scientist
Arts,"AI,AI",62.84691213997656,64.30108044976195,55.11704180175629,Software Developer
Engineering,"Marketing,Design",74.58825579620176,75.04492472189861,,Software Developer
Science,AI,62.42461781688043,61.346569501413995,,AI Researcher
Engineering,Design,96.63840913095103,91.56203319917077,82.87285902155571,Software Developer
Commerce,AI,77.94000940524926,,84.67235098343227,Software Developer
Arts,"Coding,Data",63.51006387418585,56.37129375596377,52.82186239092215,Software Developer
Science,Finance,90.36032649613574,93.73500730398021,91.95730122133537,Software Developer
Commerce,AI,85.94996749775576,84.01406624,83.93087091961996,Software Developer
Arts,"Design,Marketing",73.21493328163933,,67.93461824,UI/UX Designer
Engineering,"Coding,Finance",61.60090681974836,57.03368972725081,52.06264632812587,Backend Developer
Engineering,Marketing,77.02420760624291,84.12298739361013,,Software Developer
Science,"Business,Coding",82.60911540930904,88.64598987707618,87.01294184013125,Software Developer
Commerce,"Finance,Design",73.60031850301345,,70.79577868505322,Finance Analyst
Commerce,Coding,76.02772127561073,73.20449117170168,,Software Developer
Commerce,"Law,Business",87.30124498360371,80.94652193029304,,Software Developer
Engineering,Business,75.58321125657372,80.54190169825625,69.33550630964334,Software Developer
Arts,"Law,Healthcare",83.69057963813337,86.86904628460765,82.26273441,Lawyer
Commerce,"Marketing,Finance",93.73650568629023,85.18731328338777,97.49184565472041,Software Developer
Science,"AI,Finance",89.55258112484792,86.81951101691774,,AI Researcher
Science,"Finance,Design",61.67713738646597,69.27248574819588,,Software Developer
Science,Finance,71.15897085175517,,,Software Developer
Engineering,"Design,Law",75.96241502418928,,,Software Developer
Arts,Healthcare,62.12676124365974,58.30990863,61.20224948157944,Software Developer
Arts,"Data,Marketing",86.55241096929146,80.40779059625197,80.97079610938546,Software Developer
Arts,"Marketing,Law",73.72532695165933,,71.07342729663502,Content Strategist
Engineering,"Coding,Finance",94.41830717057358,96.37851908811867,91.82201514296261,Backend Developer
Science,Healthcare,79.83954489,82.62196539330965,84.21235915490767,Doctor
Commerce,"Data,Design",59.12889957507362,57.286120374782264,57.99334481951429,Software Developer
Science,"Coding,Law",76.66209542666297,,70.45569168144155,Software Developer
Science,"Healthcare,Data",74.37433432125613,76.58525962279158,64.46812925039227,Doctor
Engineering,Design,62.597520957937476,,,Software Developer
Commerce,"Law,Business",65.65802116662906,71.18191227886265,57.85071805214666,Software Developer
Commerce,AI,79.92015024880456,74.5521305,,Software Developer
Engineering,"Healthcare,Law",80.36169414188285,75.50989643513584,,Software Developer
Science,Law,71.03634949949517,65.34856878709141,64.69103857036856,Software Developer
Engineering,"Marketing,Data",82.51944685964109,86.44558406924395,84.56028876820442,Software Developer
Engineering,"Design,Coding",87.35799620712456,90.73827917,,Software Developer
Commerce,"Law,Finance",86.23644085203782,82.3538121,,Software Developer
Engineering,Design,87.11350549403387,,93.69057051,Software Developer
Science,Law,93.13638761609079,,,Software Developer
Commerce,Design,83.59303759669626,,,Software Developer
Engineering,"Finance,Coding",69.92083224112488,74.70239677251219,77.71943871206861,Software Developer
Science,"Marketing,AI",96.67666420244112,91.46301818595639,86.42399945432058,Software Developer
Commerce,"Finance,Coding",81.17049240636524,,75.64018696799509,Finance Analyst
Engineering,Business,75.25507258416334,71.04338898076706,85.40859039744262,Software Developer
Science,"Coding,Marketing",88.39899937017552,88.32691737452863,97.20276459361419,Software Developer
Engineering,"Business,Finance",82.67407293473822,82.05008614662455,,Software Developer
Arts,Business,91.24270639644715,90.29736585916635,97.60783381006752,Software Developer
Engineering,Data,80.49654533234242,81.95014919,77.99106440622253,Data Scientist
Science,"Finance,Healthcare",66.64077426563594,71.66600957,64.34555442816155,Software Developer
Commerce,"Marketing,Law",83.76248363370537,87.33522705151246,79.60834524269936,Software Developer
Arts,Data,67.13732363322565,67.47184881024947,,Software Developer
Arts,Marketing,72.31631845136401,73.68746816696837,,Content Strategist
Science,"Data,Design",68.23697747078387,,,Data Scientist
Arts,"Business,Law",90.42374548433867,,,Software Developer
Engineering,"Finance,Finance",89.90026858637668,89.99358469154994,,Software Developer
Commerce,Healthcare,61.67402337505472,66.90063500621689,68.56357608412816,Software Developer
Science,"Law,Finance",75.36203119023384,,76.16277451,Software Developer
Science,Law,69.76384201639952,66.24612625355883,75.25205765820795,Software Developer
Commerce,"Marketing,Law",85.65240211,84.06774653377428,,Software Developer
Commerce,"Data,Finance",94.60115445,,90.32091980333506,Software Developer
Engineering,"Data,Healthcare",65.33427606941979,71.72732156620371,58.349003336479086,Data Scientist
Commerce,Healthcare,72.06249531534004,68.79429084,72.71371776208633,Software Developer
Science,Law,64.62629894234274,66.98074862321673,55.86127742357016,Software Developer
Engineering,"AI,Data",73.42229601,,,ML Engineer
Science,Healthcare,62.42953935320538,69.37698779001227,,Doctor
Commerce,Design,93.55532676101265,93.65254674870586,85.27213972480281,Software Developer
Science,"Law,Healthcare",68.94648491995937,70.68927160817171,,Software Developer
Arts,"AI,Coding",89.56208939878498,83.87926575401565,98.96451327241294,Software Developer
Arts,AI,77.20386736547972,76.30759369673187,,Software Developer
Arts,"Data,Marketing",72.89854983636886,71.39965603646952,,Software Developer
Commerce,"Healthcare,Marketing",69.29290522802216,78.76839579641941,,Software Developer
Engineering,"Business,Law",86.59526461134655,79.87799534796876,,Software Developer
Commerce,Marketing,82.32524149,83.29610426,80.62953914300853,Software Developer
Science,"Data,Design",75.35828797058143,82.83161186617475,,Data Scientist
Science,"Coding,Design",69.28865672855167,68.75193066,,Software Developer
Commerce,"Coding,AI",91.85314694,,,Software Developer
Commerce,"Healthcare,Finance",98.06821392199653,,,Software Developer
Arts,"Marketing,Law",86.94743909379675,83.12357056797752,,Content Strategist
Science,Marketing,89.77012093645195,94.19612704755784,,Software Developer
Arts,"Finance,Coding",56.64856081481068,,65.10798876,Software Developer
Arts,"Coding,Coding",96.08549155959021,,88.43612343826135,Software Developer
Science,"Law,Coding",77.50874952671525,,72.72147961333246,Software Developer
Engineering,"Finance,AI",78.99198294008438,89.29693447761598,,Software Developer
Commerce,Coding,82.92005122,84.66087420259306,91.36954914,Software Developer
Commerce,"Marketing,Marketing",84.94722610700433,86.98382259871794,75.47744915366557,Software Developer
Engineering,Data,78.34352783027111,78.33739806,75.33577024687811,Data Scientist
Science,Data,66.43857685455181,69.67910642527085,72.66263760038495,Data Scientist
Science,Business,60.28773585397395,59.04905944,,Software Developer
Commerce,"Business,AI",84.46131089057191,,,Business Analyst
Arts,Healthcare,80.89425735517183,84.66314310717394,,Software Developer
Engineering,Finance,67.46976988080263,,,Software Developer
Science,"Data,Finance",73.94952499298674,72.43963908,,Data Scientist
Science,Marketing,88.12369570830649,97.30112747439725,97.85574845515355,Software Developer
Arts,Coding,80.67811827120009,78.18602748350415,71.11948403436689,Software Developer
Arts,"AI,Design",68.03494995011141,63.28275434528901,74.98521088138486,Software Developer
Arts,"Design,Coding",95.47411816071498,86.70770522420426,,UI/UX Designer
Science,Law,81.64266583135324,81.55352726066938,90.12400367849744,Software Developer
Commerce,Finance,88.16180489786339,89.40430329255231,,Finance Analyst
Arts,"Law,AI",79.15875271,,79.47616930778874,Lawyer
Science,Marketing,66.54125046221004,,60.68592012,Software Developer
Arts,"Healthcare,Design",66.52013943341996,70.58976229216636,,Software Developer
Commerce,Data,85.88087962505284,88.18066623501612,,Software Developer
Commerce,AI,76.70201411,76.68786691288516,74.40696882174117,Software Developer
Science,Law,85.22904163723466,,87.58989359724762,Software Developer
Arts,Law,63.647166850232246,56.386336594692935,69.99478904332346,Lawyer
Arts,Law,58.52679328892554,54.54246723332864,60.31936818878142,Lawyer
Science,Marketing,63.12365392761029,56.908417986217025,,Software Developer
Commerce,Marketing,83.95865533713719,84.71621058467218,,Software Developer
Arts,"Finance,Healthcare",79.73401879786651,82.22339342056641,,Software Developer
Commerce,Design,64.49214608530919,,63.91093920339648,Software Developer
Arts,Business,92.94647338566524,94.24554012419183,,Software Developer
Science,"Design,Design",92.37698226,92.53212311513491,84.58520034648184,Software Developer
Engineering,Data,63.672300091673534,67.86584650292471,71.30400878500447,Data Scientist
Engineering,Finance,71.20512677905684,,,Software Developer
Science,"Marketing,Healthcare",74.89478775207472,74.38908901089926,79.08848412035395,Software Developer
Arts,Business,92.18983474374393,88.89116101366457,78.43829142020009,Software Developer
Science,Law,85.74408712354709,86.37297916097044,86.85014486,Software Developer
Arts,"Design,Marketing",66.74060502320609,66.30136835271287,62.614217860111005,UI/UX Designer
Engineering,Design,61.74656766914443,,58.77845503964248,Software Developer
Commerce,"Finance,AI",81.69914951,84.20322973115566,,Finance Analyst
Arts,Marketing,67.22192394954635,,,Content Strategist
Engineering,"Business,Business",67.84600757785546,,,Software Developer
Engineering,Finance,86.94836752870945,88.79417680024171,86.92833060013379,Software Developer
Engineering,"Healthcare,Law",85.66826418909973,77.41576506122863,80.28779632,Software Developer
Engineering,Business,81.95029016101807,80.80698136260483,88.21478530424248,Software Developer
Engineering,Data,83.24613233309356,84.46631155325895,94.09877993666339,Data Scientist
Commerce,Data,75.56889628,75.45967654120024,86.49410444317638,Software Developer
Engineering,"Law,Coding",55.934960134727916,53.53624946809556,,Software Developer
Engineering,Finance,70.74742525896995,,,Software Developer
Commerce,"Law,AI",56.34258987279665,55.59635589,53.162495337894526,Software Developer
Science,"Business,Marketing",88.28937795296623,,,Software Developer
Commerce,"Finance,Coding",83.31803882677214,,,Finance Analyst
Arts,Finance,66.05636371498764,,,Software Developer
Commerce,Finance,87.64584148878095,78.8541417,,Finance Analyst
Arts,AI,64.53063328300823,62.17309392058003,63.20022444423504,Software Developer
Commerce,"Marketing,Healthcare",58.86970741821373,58.93290071584124,,Software Developer
Science,Business,62.42045645289948,,62.17347124779819,Software Developer
Commerce,Finance,90.87853409,,,Finance Analyst
Science,Healthcare,57.37489847270253,64.56478751213203,,Doctor
Engineering,"Healthcare,Coding",87.51739677062699,,,Software Developer
Commerce,Data,89.77445681808801,88.43899958007384,84.92461058127573,Software Developer
Engineering,AI,81.28101550871075,,,ML Engineer
Engineering,"Business,Design",92.60581732783234,,,Software Developer
Science,Design,83.18284340920104,93.09062632735277,,Software Developer
Commerce,Data,82.69805426849446,78.77046806002116,,Software Developer
Engineering,Marketing,79.34482705690321,,,Software Developer
Science,"Law,Business",71.60972724683661,66.94468354649148,,Software Developer
Commerce,"Marketing,Business",71.31377412,,,Software Developer
Arts,Data,69.28194017914754,75.86146951445387,,Software Developer
Commerce,Marketing,87.57260372262057,,91.75637798,Software Developer
Arts,"AI,Law",91.53173464,92.42549089246263,,Software Developer
Arts,Finance,81.23629974605144,87.13626015766948,,Software Developer
Commerce,"Finance,Business",82.24265731120815,74.76219384937627,74.32443854193959,Finance Analyst
Arts,Healthcare,64.06462119224261,,,Software Developer
Commerce,Coding,58.35021058313159,58.57022890591256,65.23936076381838,Software Developer
Arts,"Coding,Law",75.64184558614863,79.28805141977182,79.03201331176894,Software Developer
Science,Finance,76.41375094913202,75.21583304,79.99574816589993,Software Developer
Science,Coding,92.88395400561494,,,Software Developer
Commerce,"Marketing,Design",91.08280384,,,Software Developer
Arts,Coding,66.20908106,66.62156554360644,,Software Developer
Commerce,Finance,88.07978669278216,85.40273368177346,,Finance Analyst
Arts,"Coding,AI",62.085110085270834,,,Software Developer
Science,Healthcare,72.82762523800378,70.61211547545939,65.43610596004027,Doctor
Commerce,Finance,66.03376361,67.85919215919455,68.67062713888987,Finance Analyst
Engineering,Healthcare,65.27860175575775,68.57173902910762,58.52793156369174,Software Developer
Commerce,Business,85.38167207949256,90.82841576557882,91.06807945,Business Analyst
Engineering,"Law,AI",79.14328024413132,71.17050657543724,,Software Developer
Engineering,Marketing,90.90040693959784,94.81412388381979,,Software Developer
Engineering,"Coding,Data",92.81431926,91.36510192328896,,Backend Developer
Commerce,Business,72.75296291394861,67.46372517076549,,Business Analyst
Engineering,"Coding,Law",91.04006933468173,,87.17267006763632,Backend Developer
Science,Law,61.156248788694825,66.32021836135117,57.389542916697124,Software Developer
Arts,"Marketing,Coding",72.45618326233537,73.70650424329793,,Content Strategist
Engineering,Law,70.83040913251111,59.678050011695156,65.05309834049325,Software Developer
Science,Coding,94.93379209342567,,84.25508371,Software Developer
Arts,"Law,Healthcare",91.66556487,88.86569082,98.83430694813372,Lawyer
Engineering,"Business,Coding",73.99678110281566,65.06021048022062,78.88805252,Software Developer
Science,"Finance,Marketing",73.74388128277987,73.66571198405686,69.82075078608801,Software Developer
Commerce,Coding,81.30609499151437,81.19585278486183,,Software Developer
Science,AI,90.94844693,94.19477498062118,,AI Researcher
Commerce,Law,61.773030931731995,,,Software Developer
Engineering,Business,95.85136980937078,,83.80032411558427,Software Developer
Engineering,Business,78.86121327622303,78.22117100086473,,Software Developer
Science,"Healthcare,Coding",70.21633587337269,64.53270372,,Doctor
Science,Healthcare,77.26252007,66.75677940936545,65.49496400394776,Doctor
Arts,"Law,Marketing",86.12871859437843,,,Lawyer
Arts,Design,65.63421344243442,73.10196152853229,72.01694192831539,UI/UX Designer
Commerce,AI,74.67606972,77.76369924366729,78.53263185065292,Software Developer
Arts,"Business,Law",69.10466228,,65.88691960366346,Software Developer
Commerce,"Healthcare,AI",94.70054504789874,89.51703127739378,86.89888280479076,Software Developer
Engineering,Finance,74.94010937419536,76.72319461676761,72.65032689808186,Software Developer
Arts,AI,87.86216246986578,80.37641202312878,,Software Developer
Arts,Marketing,93.53115842861101,94.25207860772595,,Content Strategist
Science,"Business,Finance",89.15940469383412,90.84350431382359,,Software Developer
Engineering,Law,97.51275043254452,92.73324844677569,97.08927452008918,Software Developer
Commerce,"Design,Design",92.78560340997966,95.20212178626218,90.66883090932339,Software Developer
Commerce,"AI,Design",82.39243079033554,76.47434673,,Software Developer
Arts,"Law,Finance",64.65877922421451,68.33205762772813,62.487030940068976,Lawyer
Engineering,Business,77.39440661758081,71.28111898477918,,Software Developer
Engineering,"Law,Coding",87.88847441607847,89.57918393698138,,Software Developer
Arts,Data,79.77940867997458,86.51970949496237,,Software Developer
Engineering,Law,80.69319957944698,80.02355039155914,81.67809824265963,Software Developer
Arts,"Marketing,Healthcare",92.66602390187515,86.49663794282172,,Content Strategist
Engineering,Marketing,87.53297357950261,89.70889596522191,,Software Developer
Arts,Business,63.37214921614307,,,Software Developer
Commerce,AI,61.161193263680424,,,Software Developer
Science,"Data,Healthcare",89.01842265,,91.39886363499082,Data Scientist
Science,"Business,Finance",75.95212003,,86.47480144276838,Software Developer
Arts,"Law,Business",81.12585634461384,,,Lawyer
Commerce,Finance,74.92219451815718,68.12493275703065,72.81506726687692,Finance Analyst
Science,Marketing,56.96311453756617,,,Software Developer
Arts,"Healthcare,Healthcare",75.34094024834764,65.73094947532648,80.44101336478758,Software Developer
Science,AI,86.79209270522664,92.54777059168457,,AI Researcher
Science,"Design,Marketing",81.81290383849756,84.44437719777557,,Software Developer
Engineering,"Design,Coding",65.47599953,65.99976091426238,75.92235515968028,Software Developer
Science,"Coding,Design",87.30101859362267,83.98983966112041,,Software Developer
Science,Data,86.00317884341607,,,Data Scientist
Science,Data,98.27740680063042,90.81651949364782,92.51292596922775,Data Scientist
Engineering,"Coding,Data",61.95081728871286,,59.7884226,Backend Developer
Arts,"Data,Data",84.84363315380754,74.48633354531243,86.52127736645203,Software Developer
Arts,"AI,Healthcare",64.74136200831622,,,Software Developer
Arts,"Business,Marketing",65.12399391558228,,,Software Developer
Science,"AI,Design",78.28891827893878,81.73934018420303,,AI Researcher
Science,Data,91.14123483163155,92.53122727400786,,Data Scientist
Engineering,Law,79.04020445551274,78.49160112693932,83.58986097224953,Software Developer
Arts,"Finance,Business",61.05106407499944,,66.93366085854828,Software Developer
Engineering,Business,70.66271415347742,80.09426863298206,75.50091576942728,Software Developer
Arts,Finance,70.29571606568038,70.28290924380585,76.7925049,Software Developer
Arts,"Healthcare,Data",61.84869153562384,67.87483959214262,,Software Developer
Arts,Healthcare,88.05081887646372,,,Software Developer
Arts,"Coding,Business",83.70171958178739,82.99528923750238,86.86363890498303,Software Developer
Arts,AI,70.94425611932377,73.65674464411086,,Software Developer
Commerce,"Data,Coding",99.13698939238529,,93.15161813377422,Software Developer
Science,AI,91.315992,90.44417278612698,94.38492244474718,AI Researcher
Engineering,"Law,Data",59.97885620321187,,62.094899224387774,Software Developer
Engineering,"Design,AI",68.92454344318803,69.51772424195252,60.693344042332775,Software Developer
Arts,"Coding,Law",65.04351733635292,67.04824757,,Software Developer
Engineering,Healthcare,77.02347142553745,,,Software Developer
Science,Business,71.47630539445873,61.758804971434216,67.34117446471929,Software Developer
Engineering,"Coding,Design",97.00484629046159,,,Backend Developer
Engineering,"Coding,Finance",61.76979608018058,,72.08146430888169,Backend Developer
Engineering,"AI,AI",95.4323532,,100.49904298719606,ML Engineer
Arts,Design,79.04055861547661,72.11740703737686,72.54711081,UI/UX Designer
Science,Marketing,71.02889947128902,73.01214640531983,67.03007818928432,Software Developer
Arts,"Finance,Business",96.47572669154604,87.63832005,,Software Developer
Commerce,"Finance,Law",59.260876129392585,59.54271798973785,,Finance Analyst
Commerce,"Marketing,Marketing",69.75724982,66.86116238107128,,Software Developer
Engineering,"Design,Healthcare",75.47440728435356,,,Software Developer
Engineering,Finance,59.33933562,57.06506766883864,57.947372808883884,Software Developer
Commerce,Marketing,69.22607345,69.16537530908128,,Software Developer
Engineering,Business,79.93866221226799,88.47024575694815,93.72895473,Software Developer
Commerce,"Coding,Healthcare",71.39353506166516,62.31433719877568,,Software Developer
Engineering,Business,64.15370559266766,,66.11138636550804,Software Developer
Commerce,AI,62.45420947257071,,59.03804024055693,Software Developer
Engineering,"Coding,Data",65.94048944620009,,,Backend Developer
Engineering,"Design,Law",71.73691352161583,71.51589364739044,,Software Developer
Arts,"Marketing,Coding",77.27469532569815,85.59200234764697,,Content Strategist
Science,Coding,81.69491409153318,82.78891831584338,90.06035095398742,Software Developer
Science,"AI,Coding",89.64099838347141,86.63464100631624,,AI Researcher
Science,Finance,80.60305315498422,74.4415685,,Software Developer
Arts,"Data,Business",86.72238323283344,81.2640344,79.2851997,Software Developer
Arts,"Design,Business",77.19965262431062,77.74399203420712,79.92697217662499,UI/UX Designer
Arts,"AI,Finance",88.67824014306848,87.78920009380877,93.10990473997694,Software Developer
Commerce,Data,80.71255694533566,,,Software Developer
Science,"Data,AI",74.39224154378918,74.50506614151638,,Data Scientist
Science,AI,94.67389911184993,88.30435277817413,95.32438788,AI Researcher
Commerce,Finance,63.12149422030063,65.00759813842072,,Finance Analyst
Engineering,"Business,Data",91.31822215,95.22126149545139,86.77728734986586,Software Developer
Engineering,"AI,Business",91.31772264708539,,,ML Engineer
Engineering,"Finance,Business",80.53493705549911,,75.90233194294326,Software Developer
Science,"Business,Marketing",86.0002612,,,Software Developer
Arts,Coding,87.15040960167167,92.03237927306826,,Software Developer
Arts,"Business,Finance",68.76093762738752,,72.87855546533775,Software Developer
Science,"AI,Healthcare",78.78274053120025,84.53460041447399,,AI Researcher
Commerce,"Coding,Marketing",97.77932600125402,89.50335123131967,86.65888138379432,Software Developer
Engineering,Healthcare,98.60370495472675,,103.23716593508613,Software Developer
Science,Data,77.23405943185543,69.87433197322358,,Data Scientist
Science,Finance,69.61705303632151,,76.37594770785077,Software Developer
Arts,Law,90.42153369001002,87.00678071,,Lawyer
Science,Marketing,63.68213857962899,66.67739803463408,61.778058576305156,Software Developer
Science,"Data,Law",86.46376730314405,82.70410448694176,86.99642648912003,Data Scientist
Commerce,"Healthcare,Coding",67.36677531981157,69.40714511014411,,Software Developer
Science,Healthcare,59.210094958697326,,,Doctor
Engineering,Healthcare,78.75861453371832,,72.16991066294669,Software Developer
Science,"AI,AI",80.89771460634523,,81.03068782980596,AI Researcher
Science,AI,67.45954172085398,,,AI Researcher
Commerce,"Business,Coding",89.59633112154756,83.23498390388599,,Business Analyst
Science,Business,64.55308573572653,,61.03913716349053,Software Developer
Science,"Marketing,Finance",65.71347929486214,64.67833047939017,68.18573196,Software Developer
Engineering,"Marketing,Data",96.76092871,93.16295308339315,,Software Developer
Commerce,"AI,Finance",72.47893044718174,71.92288041217833,69.56665368767678,Software Developer
Arts,Law,79.20429770624327,87.37409853355432,,Lawyer
Arts,"Design,AI",87.61625794548821,88.30397155318848,,UI/UX Designer
Science,"Marketing,Business",66.10761444160798,67.43707852645468,,Software Developer
Science,"Business,Data",73.86283294616456,74.52199772359018,,Software Developer
Commerce,Finance,63.198634090770675,56.22566610255116,,Finance Analyst
Science,Law,84.02808455624917,,,Software Developer
Arts,Business,66.78308527336222,63.37236280237741,,Software Developer
Engineering,Coding,89.15539779995456,94.07076435496998,89.59867151332264,Backend Developer
Engineering,"Coding,AI",64.26859660424444,,58.48120036934939,Backend Developer
Commerce,Marketing,69.46310634424594,65.77086034857143,55.20186178276868,Software Developer
Arts,Business,97.46303880504719,96.59252257571393,,Software Developer
Science,Healthcare,89.36961759076391,92.74307854895761,,Doctor
Engineering,Marketing,82.78678176352427,79.79516809985073,74.03162983791583,Software Developer
Arts,"Coding,Data",82.57768944870594,77.23015332,90.18281263406053,Software Developer
Engineering,"AI,Marketing",87.06609190519552,86.25989016,,ML Engineer
Science,"Design,Marketing",80.03059642770283,83.69594399986461,70.61977161967694,Software Developer
Arts,Law,72.69062007,,69.94464269760518,Lawyer
Engineering,Healthcare,86.13082641011826,91.55009124769379,96.52965835,Software Developer
Science,AI,76.76562159748725,,84.55959311175432,AI Researcher
Arts,"Healthcare,Design",71.45224877496442,,,Software Developer
Arts,"Business,AI",79.44904429630881,76.80615796129393,88.12971056,Software Developer
Science,Business,63.933381728239986,61.0303109,,Software Developer
Science,Law,92.90894498108864,93.16180293324967,,Software Developer
Engineering,"Data,AI",80.74736417,,,Data Scientist
Science,Healthcare,60.09936256201936,67.21115581850687,60.05730022,Doctor
Arts,"Finance,Law",69.77471535,69.50215699730005,58.89900452208289,Software Developer
Science,Law,94.52725965432312,87.06431268955252,84.44590453122795,Software Developer
Engineering,Design,63.383597827585845,,56.34469780839935,Software Developer
Engineering,"Design,Design",78.44712428,,80.85938596718151,Software Developer
Arts,"Coding,Healthcare",60.91386021620925,70.51325735811035,64.50515097010238,Software Developer
Commerce,"Finance,Data",77.35061783359153,,84.66818417547978,Finance Analyst
Commerce,"Finance,Coding",68.77168458364393,,,Finance Analyst
Science,"Marketing,Coding",65.42235009632907,,,Software Developer
Science,Marketing,77.52700789542928,70.67415044328618,79.34955065,Software Developer
Commerce,"Healthcare,Law",94.58937737599973,,,Software Developer
Commerce,Design,86.37399458656577,80.16383967201276,76.49690014504993,Software Developer
Commerce,"Coding,Data",88.97822671850082,,,Software Developer
Science,"Data,Coding",70.90129852321105,81.49666758856614,66.82321897308752,Data Scientist
Engineering,Marketing,70.15011328218995,69.8676975,72.87832643185094,Software Developer
Science,"Design,Coding",62.250289502470196,,,Software Developer
Science,"Data,Marketing",78.51230879852704,,,Data Scientist
Arts,AI,77.91512081359686,88.91128167964008,89.84706589783403,Software Developer
Engineering,Data,78.86350825,84.01455444860524,72.90084191082761,Data Scientist
Commerce,Marketing,74.71619951047029,75.33106308540023,,Software Developer
Engineering,"Finance,Finance",88.74741911147028,88.27241962028069,83.46487466980136,Software Developer
Science,"Coding,Data",86.92077634597815,90.44172150719739,86.36740822059849,Software Developer
Science,Finance,76.43468013029853,,84.52400521,Software Developer
Science,"Law,Healthcare",79.64175557539778,83.58496780166176,,Software Developer
Arts,"Business,Finance",83.31353353,75.17477187703835,73.55257397475151,Software Developer
Arts,Law,71.89016779303344,71.16851812429955,73.12126448347918,Lawyer
Science,Design,85.85124703502943,,,Software Developer
Science,Design,73.80513504781337,77.01589683255152,84.84722647996907,Software Developer
Engineering,Business,90.88281747942784,81.76187848,,Software Developer
Commerce,Finance,69.34059368250084,70.35611694287476,68.49925275662594,Finance Analyst
Engineering,Marketing,87.60757227743227,,96.05091213480344,Software Developer
Arts,"Coding,Law",90.93959816926626,97.65270238622966,85.06163750649853,Software Developer
Arts,"Law,Business",56.7091345,63.98707554417176,69.97173748045171,Lawyer
Science,"Marketing,Healthcare",87.05145622010167,,,Software Developer
Arts,"Business,Finance",75.39810153,70.60943931128679,83.11047937981552,Software Developer
Commerce,"Business,Coding",93.07871950687414,,,Business Analyst
Commerce,Design,88.27669292474312,94.08027960321061,,Software Developer
Science,"Business,Healthcare",77.55458603348188,78.16176085753649,,Software Developer
Science,Finance,63.840912091933774,75.30414953589525,,Software Developer
Science,Design,78.97419777,,85.09215778687035,Software Developer
Engineering,AI,76.78240308012997,80.55437616579158,79.45170406765385,ML Engineer
Arts,"Coding,Coding",73.71091948960621,72.86100811255044,,Software Developer
Engineering,Law,83.26013234730634,90.64929594130889,,Software Developer
Engineering,Finance,98.68257590959468,95.33984922211276,,Software Developer
Science,Law,69.30463923843804,70.08614622940442,73.01352647770564,Software Developer
Science,Design,58.685390654615624,54.95782225018524,,Software Developer
Commerce,"Healthcare,Finance",79.01421866278636,80.17438120685243,70.77438546183903,Software Developer
Science,Design,86.59323348638016,89.95425684609123,,Software Developer
Science,Healthcare,83.03305369162433,76.59520378665901,,Doctor
Commerce,Law,73.36253915,71.17730881035955,,Software Developer
Engineering,"Business,Finance",70.58520947483773,71.12148369786581,,Software Developer
Arts,"Design,Healthcare",79.80205331997784,70.86172978480329,79.07940674690792,UI/UX Designer
Engineering,"Law,Coding",62.894670902706686,,,Software Developer
Commerce,Coding,68.97489489153429,,,Software Developer
Commerce,"Healthcare,Law",84.03302609360189,,91.99930734,Software Developer
Arts,Healthcare,68.90655190839189,64.35431031510348,66.89801320767646,Software Developer
Engineering,Business,60.61520543073294,64.39738337,,Software Developer
Commerce,Business,79.99387005,77.67283179942007,,Business Analyst
Arts,Coding,76.93587982556315,76.55866416290962,,Software Developer
Engineering,"Law,Healthcare",66.42273281,,,Software Developer
Commerce,"Finance,Data",96.90399873058098,88.41994309340772,,Finance Analyst
Commerce,Law,91.95579674279463,,,Software Developer
Commerce,Business,85.56469256889996,81.77492,91.81766422625441,Business Analyst
Arts,Design,70.18515072974755,71.82744075186822,,UI/UX Designer
Engineering,"Data,Design",80.09139374666121,73.38138616607814,,Data Scientist
Arts,"Marketing,Design",65.43542971104642,60.27565414250258,65.69464078,Content Strategist
Commerce,"Data,Marketing",72.73411019175853,69.90617657065327,60.94201044,Software Developer
Engineering,"Law,Marketing",58.62546600090901,,56.74433254930993,Software Developer
Commerce,"Healthcare,Business",88.30912007299264,90.59039808308232,,Software Developer
Commerce,"Coding,Marketing",68.49388216,59.432039022075145,,Software Developer
Commerce,Business,81.49476088,,,Business Analyst
Engineering,Healthcare,77.88814812,,68.92725174299565,Software Developer
Science,Data,79.61970488727582,81.18313236848277,,Data Scientist
Engineering,Law,87.83917985062192,88.59199704331392,,Software Developer
Science,Data,96.78587719168692,100.14893743976216,,Data Scientist
Arts,AI,74.41021287179218,71.66047357790416,69.55816739,Software Developer
Engineering,"Healthcare,Finance",67.05124851986643,,,Software Developer
Arts,"Data,Law",60.17658670847011,,62.27342742843033,Software Developer
Arts,"Data,Marketing",79.28950380784485,80.00396254,,Software Developer
Commerce,"Finance,Business",86.41780843538695,88.42925629887532,75.28718216669162,Finance Analyst
Commerce,"Business,Finance",56.36103915510414,55.97499900134716,,Business Analyst
Arts,Business,69.63888966861857,,,Software Developer
Arts,"Marketing,Data",79.17113279067223,,91.61156744326055,Content Strategist
Commerce,"Data,Marketing",83.31587140704964,,79.44592206512209,Software Developer
Arts,Finance,65.27715407085674,65.69380154235188,50.80235311875259,Software Developer
Commerce,"Coding,Law",64.38204479965508,73.21601640629834,72.34701517628619,Software Developer
Science,Marketing,89.13779302940684,84.50976911128599,,Software Developer
Science,Design,72.4112836,65.24172512117757,66.75708257168992,Software Developer
Commerce,"Healthcare,AI",95.96701022295554,88.45427605775305,,Software Developer
Commerce,Design,65.68904902630715,58.016065157098595,66.17649908907957,Software Developer
Science,Marketing,77.66592466277908,80.15717654517631,,Software Developer
Engineering,"Data,Business",70.85989807395542,67.26541009238997,,Data Scientist
Arts,"Law,Marketing",62.78108838,57.37594631874396,,Lawyer
Commerce,Data,82.40645885189018,73.54919567342412,71.79377737093516,Software Developer
Science,"Data,Business",85.04701266353533,86.68613260118234,,Data Scientist
Science,"Law,AI",74.64152819980228,,68.87394744635034,Software Developer
Science,Marketing,66.79309400023789,67.53171840634855,,Software Developer
Arts,"Healthcare,Data",90.53006685210815,86.08828991952645,86.95225685595663,Software Developer
Arts,Marketing,87.66875318408651,85.67301658096018,82.57020410386276,Content Strategist
Science,Coding,64.24619701,,66.73714664,Software Developer
Science,"Law,Law",78.23068556862597,78.88583743343177,,Software Developer
Science,"Law,AI",89.34196474254985,86.82413180881838,84.43570449717875,Software Developer
Commerce,Law,65.16638489649388,,,Software Developer
Commerce,Data,66.48442825,63.03342333001563,,Software Developer
Arts,Law,73.57217334813065,,,Lawyer
Engineering,"Marketing,AI",76.68757461,,80.06990908558107,Software Developer
Science,"Marketing,AI",74.23490630544131,81.67215128439696,,Software Developer
Commerce,Business,74.62919771541648,78.51880160377685,69.73517336694333,Business Analyst
Science,Business,82.26632538683936,,78.48315397599093,Software Developer
Commerce,Business,78.18360349266965,,82.31755368928573,Business Analyst
Science,"Business,Healthcare",95.80882628643712,90.91175834756864,97.63887159,Software Developer
Arts,Design,70.82640857150844,,75.34930023423004,UI/UX Designer
Engineering,"Finance,Design",73.40161008331651,64.57960658,,Software Developer
Science,"Marketing,Law",63.74210843960886,,,Software Developer
Engineering,"Marketing,Data",97.00368304060412,98.57290144982265,86.64213996726177,Software Developer
Science,Coding,67.76938287264387,75.55577254627897,69.87481736,Software Developer
Engineering,Healthcare,81.52821470921356,78.87754545572646,,Software Developer
Arts,"Data,Business",92.87908769692129,,101.50037937683285,Software Developer
Science,"Healthcare,Design",69.91053367639337,,77.79549298519117,Doctor
Engineering,Coding,89.24287317692031,84.97152800338851,,Backend Developer
Science,Finance,67.69733684597742,,,Software Developer
Engineering,Healthcare,73.34790782013476,,71.84461963687643,Software Developer
Science,Design,61.30444133547817,63.054700883642745,57.433103039219496,Software Developer
Arts,"AI,Business",87.89146458940259,81.02366686627094,,Software Developer
Commerce,Marketing,88.10951989903391,88.82142888286202,97.36856903310316,Software Developer
Science,Coding,79.74655045,78.49484553611123,,Software Developer
Engineering,"Law,Marketing",71.41615022136509,,,Software Developer
Commerce,"Marketing,Business",76.83995306907457,72.60125453370459,81.44433603184773,Software Developer
Arts,"Coding,Coding",64.18767879,63.158732943972545,66.69280948,Software Developer
Arts,Healthcare,58.26244056685438,65.92359611930844,58.391753256736784,Software Developer
Arts,"Healthcare,Healthcare",57.203183187389975,,61.626261969847356,Software Developer
Arts,Design,72.68987473343947,72.56827174893361,82.97336528497092,UI/UX Designer
Commerce,"Finance,Healthcare",89.31581312567774,,,Finance Analyst
Science,"Design,Business",73.33249676149143,74.34879548,,Software Developer
Science,"Coding,Data",83.69782977207453,86.35499169876854,,Software Developer
Engineering,Law,82.97412285211102,,,Software Developer
Science,"Healthcare,Marketing",73.90141622762658,83.59590429822538,,Doctor
Science,Marketing,95.56824350970709,,,Software Developer
Arts,"Finance,Data",67.40880468,74.86376460316423,79.36654922172131,Software Developer
Commerce,"Healthcare,Healthcare",98.16929544420924,,98.99329014622248,Software Developer
Science,"Business,AI",91.02434031453588,,94.83191465887637,Software Developer
Science,Coding,61.27724508788071,,54.70728819958825,Software Developer
Engineering,"Finance,Law",65.53174737869969,60.81675805006526,,Software Developer
Science,Coding,86.17349843567499,84.79624296376107,77.19009828700821,Software Developer
Science,"Healthcare,Coding",86.32944630445603,86.21369742560977,83.34866448267069,Doctor
Commerce,"Marketing,AI",70.86289838,80.16267921,,Software Developer
Science,"Finance,Marketing",59.485223162317695,60.93450480861518,,Software Developer
Arts,"Coding,Data",84.20532421389267,82.61461113061466,85.91767644144174,Software Developer
Engineering,"AI,Data",92.94912658051193,100.74155217123516,89.27642055460406,ML Engineer
Science,"Marketing,Coding",65.17719099211298,,,Software Developer
Arts,Data,89.55679712605604,89.63346095497891,,Software Developer
Arts,Data,70.02803849430684,63.78662817055914,,Software Developer
Commerce,Data,92.53502741252099,89.54995878870803,98.79174528789343,Software Developer
Arts,"Business,Marketing",92.24664815821674,95.19890774982616,,Software Developer
Engineering,Marketing,70.44664844659783,62.86994863322196,,Software Developer
Engineering,"Healthcare,Data",69.00578381073845,66.33366097,,Software Developer
Arts,Coding,84.29110622715682,,,Software Developer
Engineering,"AI,Law",63.36536733,62.42218523130762,,ML Engineer
Commerce,"Law,Marketing",62.29260176953653,63.163736170210335,,Software Developer
Arts,"Coding,Coding",83.3171142,88.77213290113738,,Software Developer
Arts,"Finance,Law",65.41498666399453,62.311210471909455,,Software Developer
Engineering,"Finance,Marketing",58.597905547308464,57.622698775036014,72.07930568,Software Developer
Engineering,Healthcare,67.47148615199883,,,Software Developer
Science,Coding,80.19150757019838,,,Software Developer
Engineering,Finance,89.12871254659805,92.35191268545732,,Software Developer
Engineering,"Business,Finance",96.73239045899747,92.64741557728087,,Software Developer
Engineering,Data,79.80300237845695,,,Data Scientist
Arts,Design,63.48382962924437,70.38595754904844,,UI/UX Designer
Arts,"Data,Marketing",68.72863735392977,73.20016044009907,,Software Developer
Commerce,Healthcare,97.37826531504135,88.57678840985841,,Software Developer
Engineering,Design,63.69313164171876,66.50127069760354,,Software Developer
Commerce,Healthcare,65.35845118294492,62.58331022711011,75.63033554768637,Software Developer
Commerce,Marketing,62.05912918017929,,,Software Developer
Arts,Business,85.90146020946102,91.27377744960725,,Software Developer
Arts,"AI,AI",77.35965450199804,68.28117394,70.49460485331613,Software Developer
Arts,"Design,Healthcare",79.23139773594755,75.51701744491439,,UI/UX Designer
Science,"Finance,Marketing",77.28908133303025,76.28271968064091,,Software Developer
Engineering,"Law,Data",61.18570285850257,61.185860004648255,,Software Developer
Engineering,AI,58.528574838959976,64.07556823316659,60.335874499525545,ML Engineer
Commerce,"Marketing,AI",72.28202082494153,75.88562248646902,,Software Developer
Arts,"Law,Business",61.36240957211126,66.46784499363082,,Lawyer
Engineering,Finance,90.20136251076883,91.44146664032237,79.30860000234904,Software Developer
Arts,"AI,Design",68.30899309352407,,58.74783833,Software Developer
Arts,Data,83.10466837634385,87.43854250059958,,Software Developer
Arts,"Business,Design",89.79906656181157,89.09863102460457,82.15357687283648,Software Developer
Engineering,Coding,84.18410884258604,,,Backend Developer
Arts,AI,63.514653819228876,,69.91314139896478,Software Developer
Engineering,Marketing,65.91633536990297,71.1374156,,Software Developer
Commerce,Design,90.73393413987925,88.21483962227013,102.33569291942436,Software Developer
Engineering,Law,90.26488565432936,83.75056257197603,91.23323618319701,Software Developer
Science,AI,86.02810146,94.74163288243588,,AI Researcher
Science,Business,74.16697388029877,78.69938039680989,69.55951809251103,Software Developer
Engineering,Healthcare,76.36371273655057,75.37090911462126,,Software Developer
Science,Healthcare,65.52674126527447,69.96998562,56.06023287572866,Doctor
Arts,Business,85.74797507322143,91.65274003688813,83.19303896751089,Software Developer
Engineering,"AI,Data",67.21515948,,,ML Engineer
Commerce,Marketing,64.8465427,,71.01870205091474,Software Developer
Commerce,"Business,Marketing",76.05096703657485,76.51879003753217,69.03827169,Business Analyst
Engineering,Finance,84.31783081403947,79.34836301,,Software Developer
Commerce,"Healthcare,Finance",68.58301570474364,74.40452441,70.22365237615614,Software Developer
Science,"Law,Finance",78.90463854561901,77.79606737267862,74.43169851938032,Software Developer
Engineering,Marketing,74.84949483786839,78.04589168381528,,Software Developer
Arts,"Finance,AI",65.94956833,60.467846210671894,64.20875599305668,Software Developer
Arts,Finance,85.19739925841974,,74.56488468898212,Software Developer
Engineering,Law,83.66741399838466,,78.38857684836313,Software Developer
Engineering,"Law,Design",87.18659799041141,85.84030914601678,,Software Developer
Engineering,AI,61.896916747325704,,,ML Engineer
Commerce,AI,92.04487202509641,,83.89098420987507,Software Developer
Commerce,"Marketing,AI",96.82386886929207,89.67034846,97.39874186789335,Software Developer
Arts,"AI,Healthcare",87.69139790847093,78.53070297470555,83.40602591921399,Software Developer
Science,"AI,Law",64.0614756,68.22837085,62.44934338,AI Researcher
Science,Marketing,77.93548332728575,79.23685682,,Software Developer
Commerce,"Business,Coding",60.548996175216736,65.15151651380592,69.10721995548371,Business Analyst
Arts,Data,81.25453548668735,,77.94483102621867,Software Developer
Science,"Marketing,Healthcare",59.18240752,,64.58429718756953,Software Developer
Science,"Design,Healthcare",76.42975002606586,,68.67572251880279,Software Developer
Commerce,Design,72.37644516644555,,79.32717541,Software Developer
Science,Law,92.13818253935766,87.10866283316038,,Software Developer
Science,Coding,77.94878781,85.63170911186106,82.83780169850776,Software Developer
Science,Healthcare,70.01965443478177,,69.15136361172453,Doctor
Engineering,Finance,81.03072289023095,75.50079127632219,68.58839050430943,Software Developer
Science,"Healthcare,Law",70.65012249701617,67.95201003340254,74.39653987831062,Doctor
Engineering,AI,81.30083126,88.70177397845801,,ML Engineer
Science,"Coding,Data",72.97670592052894,,75.87958739840275,Software Developer
Science,"Coding,AI",73.50840665979081,,80.23758079464005,Software Developer
Engineering,Finance,93.76503619009999,91.70153885644905,93.88286278310902,Software Developer
Engineering,"Data,Data",74.02862494039381,75.37865309478575,83.51183691,Data Scientist
Commerce,AI,67.06223506045987,73.24451929186029,,Software Developer
Arts,"Marketing,Coding",81.49166551922288,,,Content Strategist
Science,Business,63.40726782619052,69.01023919872038,,Software Developer
Engineering,"Law,Finance",70.85003406468391,69.00623254904997,,Software Developer
Arts,"Business,AI",88.38778822241454,,,Software Developer
Commerce,Healthcare,92.31692125598106,,,Software Developer
Engineering,Business,88.52610855871212,88.39564107649677,,Software Developer
Commerce,"Design,Data",73.57120951093304,67.65782526,76.37353996096758,Software Developer
Arts,"Design,Data",89.69065042102712,93.56863914541366,,UI/UX Designer
Science,"Business,Design",82.54888777,,74.65544216745214,Software Developer
Engineering,"Data,Data",88.41211042441066,87.97454873793573,,Data Scientist
Engineering,AI,86.32552989516708,80.96297987657013,,ML Engineer
Commerce,"Data,Law",67.63357302,68.39109686862861,,Software Developer
Commerce,"Finance,Finance",84.86124534,86.83735519826844,,Finance Analyst
Commerce,Business,90.97476341,,82.58047817,Business Analyst
Science,Design,84.65219186,73.67730625340324,,Software Developer
Engineering,Law,94.90721146,97.19329136386546,94.30431330111296,Software Developer
Commerce,Coding,89.94593716182726,92.40397338743317,87.88239990381095,Software Developer
Engineering,Law,68.02633833003539,65.80731728413653,61.356308213182565,Software Developer
Engineering,"Coding,Marketing",74.56984801383462,,,Backend Developer
Science,Healthcare,64.94842920109622,,74.09890660397127,Doctor
Commerce,"Law,Law",85.25897123705751,82.98463124179575,,Software Developer
Arts,Finance,90.57241682,,85.30626542419849,Software Developer
Commerce,"Law,Business",78.22109134514692,76.63746008159761,73.83422338,Software Developer
Arts,"Marketing,Healthcare",72.77693712,67.08357820455313,58.85334775268584,Content Strategist
Science,Coding,69.25368078211835,,64.654695,Software Developer
Science,"Healthcare,Data",60.50678250890575,63.97501043291511,68.30003349199852,Doctor
Science,"Marketing,AI",71.57220661745158,67.33078953655286,64.02219515658166,Software Developer
Science,Finance,84.64159716823731,90.87889146743602,,Software Developer
Arts,"Finance,Business",90.48446564072538,,,Software Developer
Science,Law,89.6491512,,,Software Developer
Science,Finance,69.38117865735401,,,Software Developer
Science,Design,77.61338206528463,86.36481592022258,88.59747745355898,Software Developer
Arts,"Healthcare,Finance",62.76060461630995,,63.282805787192814,Software Developer
Engineering,"Business,Finance",69.74904467252104,65.30347853,78.39455584127137,Software Developer
Commerce,"Marketing,Law",79.97990367298961,69.43851917567196,80.53266236993205,Software Developer
Science,Law,89.16323632184034,84.94901165936868,,Software Developer
Arts,Coding,66.43059738543312,64.05976870312534,61.096664813751815,Software Developer
Engineering,"Healthcare,Business",59.54455581285081,59.94863074269693,,Software Developer
Commerce,Healthcare,61.32823056564959,,,Software Developer
Engineering,"Marketing,Business",66.50734862,68.77686513471856,67.57060625313756,Software Developer
Science,"Design,AI",92.57377854117036,,85.98521769653979,Software Developer
Arts,"Healthcare,Healthcare",89.75546824133993,91.00105247,,Software Developer
Science,Business,75.39924426430892,83.86098798034425,77.93245688010394,Software Developer
Arts,"AI,Business",91.94244003327312,89.72799242959906,,Software Developer
Arts,Business,71.89757173725545,,79.96438651724914,Software Developer
Commerce,"Marketing,AI",83.61937011552159,82.70736826854849,89.16061127773946,Software Developer
Science,"Design,Data",62.13278635765853,,55.89422762,Software Developer
Commerce,"AI,Healthcare",84.36139958,,,Software Developer
Commerce,"Business,Law",78.95223538248679,81.99720713,,Business Analyst
Arts,Data,70.7683887,74.35429598,69.30902925009863,Software Developer
Arts,"Finance,Finance",69.70064089823683,74.74924477497355,69.85306696986646,Software Developer
Engineering,Business,92.32485749123023,,100.6826664653715,Software Developer
Arts,"Coding,Law",69.77147860293667,,,Software Developer
Science,"Healthcare,Coding",78.10309889470496,74.69902442207407,69.98460091022667,Doctor
Engineering,Marketing,56.947204619213764,66.40748154280114,,Software Developer
Arts,Healthcare,89.68869481,97.02335544175781,93.81376362409095,Software Developer
Arts,"Finance,Data",86.93655353219242,,89.11380828775587,Software Developer
Arts,"Business,Business",89.46183112473915,89.06115433885486,,Software Developer
Commerce,"Law,Business",78.66948334440562,73.18195255,75.94759969191404,Software Developer
Commerce,"Data,Design",67.40168673,,,Software Developer
Engineering,"Marketing,Law",80.80281394569775,72.05353507255204,85.40982137061405,Software Developer
Engineering,"Data,Design",88.41406908365033,98.11893800635397,,Data Scientist
Engineering,Healthcare,76.28831536,,,Software Developer
Engineering,Design,72.45666052,77.86557687332576,68.92531841398102,Software Developer
Commerce,"Design,Finance",70.61783748,,72.12529119,Software Developer
Commerce,"Marketing,Healthcare",65.20081045326657,,61.70565978024671,Software Developer
Arts,Finance,88.73535274,84.01650834,,Software Developer
Science,"Finance,Finance",78.81903359700716,83.95392858014307,87.16662297373666,Software Developer
Science,"Business,Design",78.28290412983863,76.52542918032866,81.85293979,Software Developer
Arts,"Design,AI",82.98520028206667,84.36612371171174,85.91842745153257,UI/UX Designer
Arts,Healthcare,84.81276259136746,,,Software Developer
Science,Data,90.13974985951076,84.78749959121426,,Data Scientist
Science,Design,74.07347496960077,,70.57087719,Software Developer
Engineering,Data,87.29507077288842,,84.04281294,Data Scientist
Engineering,"Healthcare,Healthcare",63.52132542540837,61.08282097482536,,Software Developer
Science,AI,83.06514697099755,82.44927058275462,77.23655788720053,AI Researcher
Science,"AI,Marketing",91.05071329955598,84.05355203377069,,AI Researcher
Commerce,Finance,86.87001829,81.66168076549138,90.69741803634506,Finance Analyst
Science,AI,80.00367305,,,AI Researcher
Science,Coding,88.40422012904831,,,Software Developer
Arts,Healthcare,84.02803532485909,,,Software Developer
Science,"Marketing,Finance",69.00665228368466,67.89183101,,Software Developer
Arts,"Design,Design",88.80386692366334,,85.68662224463968,UI/UX Designer
Engineering,"Data,Marketing",65.41924370929682,74.15919000050825,,Data Scientist
Science,"AI,Coding",67.23239827442075,,54.27277338711693,AI Researcher
Commerce,"Design,Law",72.20362398206811,,61.61796812221373,Software Developer
Engineering,Data,97.67454146243143,,92.77167885642399,Data Scientist
Commerce,Marketing,88.03349459484757,97.43285127197885,88.06544398944719,Software Developer
Commerce,"Healthcare,Law",78.75680449634521,,81.68218725381817,Software Developer
Arts,"Law,Coding",56.72741863182439,55.78311622939092,,Lawyer
Arts,"Law,Healthcare",55.57477627,57.07449568523895,,Lawyer
Commerce,Business,80.63594577947806,79.40894810557418,,Business Analyst
Commerce,"Data,Business",57.217881491067274,58.22314399295947,,Software Developer
Engineering,Business,82.03073371754542,79.26256875827718,,Software Developer
Engineering,"Healthcare,Data",62.80821526753177,65.32494691347497,,Software Developer
Arts,"Marketing,Law",66.87256804064766,60.701854099231596,73.31822033732395,Content Strategist
Arts,"Marketing,Marketing",69.38683440066274,69.28713589,,Content Strategist
Science,Design,70.37525775099432,75.02924280721305,,Software Developer
Arts,Finance,94.43282779498018,96.16410085812637,,Software Developer
Science,"Law,Design",76.12447629675073,80.36826218457439,86.78137467376897,Software Developer
Commerce,"Law,Design",66.65156788832358,64.89565277922492,,Software Developer
Arts,"Coding,Finance",71.35339497055911,78.11854856146965,80.19288063,Software Developer
Commerce,"Data,AI",67.04569019,63.97027318539035,66.37420239587793,Software Developer
Engineering,"Healthcare,Business",86.78172202010344,,,Software Developer
Engineering,"Healthcare,Data",81.86148241939027,82.53491973496317,75.25912467705757,Software Developer
Science,"Finance,AI",83.29512044952848,75.48022899213655,,Software Developer
Arts,"Business,Marketing",65.69986969064328,67.56523985180054,69.60492302382477,Software Developer
Science,Healthcare,83.74607619178542,75.9905736,73.76851949844696,Doctor
Engineering,"Marketing,Business",69.84376992311518,72.68553576,63.671739527486324,Software Developer
Science,"Healthcare,Data",92.20696531,87.64850189144775,83.46897679148022,Doctor
Commerce,Healthcare,62.402909323971535,66.24660935328815,,Software Developer
Arts,Design,93.84858211650368,92.92994117994024,95.11106065,UI/UX Designer
Engineering,"Coding,Law",78.70148031960531,86.28896030263246,81.28559293179012,Backend Developer
Arts,Design,94.19624697619328,90.71496327080007,87.05387512216195,UI/UX Designer
Commerce,Law,77.67229064354868,72.34028864981248,,Software Developer
Engineering,"Marketing,Law",77.64669214309681,80.06279519092263,,Software Developer
Arts,"Coding,Finance",62.19985452688306,60.37926372812046,68.32668098507577,Software Developer
Commerce,"Business,Healthcare",84.76402344827744,,80.62265012715574,Business Analyst
Arts,"Marketing,Finance",88.51823056980234,84.33218941,91.29955321,Content Strategist
Science,"AI,Marketing",66.92317224374676,,,AI Researcher
Engineering,"Law,Business",72.56931156775097,68.71579357744963,,Software Developer
Commerce,Healthcare,79.11608551046871,77.7248629,,Software Developer
Arts,AI,81.84907763,78.77642088,,Software Developer
Science,"Data,Business",69.47501167567945,65.02441009951023,,Data Scientist
Engineering,"AI,Law",76.71683462,85.33178031460855,,ML Engineer
Arts,"Law,Design",86.07522844,85.10594837525235,82.57855084896157,Lawyer
Engineering,"Law,Finance",60.6213871,67.30261712063854,69.44504193414033,Software Developer
Commerce,Marketing,66.45492373999029,63.187095367905236,63.31042625524857,Software Developer
Arts,"Coding,Coding",66.23846941,,55.92481084708025,Software Developer
Commerce,"Business,Coding",78.65251991367064,81.87283376,,Business Analyst
Engineering,"AI,Coding",77.16906728277992,78.59953569973624,73.74429138,ML Engineer
Commerce,"Coding,Healthcare",60.736399224674955,,,Software Developer
Arts,"AI,Healthcare",61.52433141797163,70.81155489255293,73.1363267,Software Developer
Engineering,"Data,Healthcare",87.20630887285442,95.8967192,89.41438550435619,Data Scientist
Engineering,Coding,66.46579198772552,68.77757639,72.16447551920916,Backend Developer
Commerce,"Marketing,Business",91.30367461648444,91.39309866,,Software Developer
Commerce,Design,65.44791405670664,,,Software Developer
Commerce,AI,87.58656225757404,,87.49232508198462,Software Developer
Arts,"Law,Data",84.99071264,88.51998451261518,87.29052585927175,Lawyer
Commerce,Marketing,97.55793676064935,90.67592230706562,97.53195433141371,Software Developer
Commerce,Coding,65.95888259529661,63.03646794645786,62.97371085952177,Software Developer
Science,"Business,Marketing",93.87800141,97.12026540695972,96.38766260210753,Software Developer
Engineering,"Finance,Marketing",76.22654715439221,75.36975752358455,,Software Developer
Science,"Data,Finance",89.62811857,89.52076659,81.47861442922543,Data Scientist
Science,AI,68.06615667308336,76.58273445126096,62.67015271501094,AI Researcher
Science,Design,67.50792623,70.35813124222219,,Software Developer
Science,"AI,Business",82.60745735383611,,94.39727894026413,AI Researcher
Commerce,"Data,Design",63.76622545090307,66.42813494713823,,Software Developer
Science,"Law,Marketing",86.59182765749118,84.13511722675464,92.78256861286289,Software Developer
Arts,Data,65.16856076307663,67.72150298957907,61.02403106802056,Software Developer
Arts,Healthcare,83.18626249408433,72.30680604937645,82.53370703331008,Software Developer
Engineering,AI,77.27418754777565,81.75539409,82.84546715965175,ML Engineer
Arts,Law,61.916154210612284,62.438429435376534,,Lawyer
Arts,Finance,78.50553434745356,82.35729187172525,,Software Developer
Engineering,"Law,Design",76.65842820669842,76.53379294867156,,Software Developer
Arts,"Marketing,Healthcare",72.37813164,,,Content Strategist
Commerce,Data,68.04284965629259,,,Software Developer
Engineering,Coding,73.91325121,65.68368821103932,,Backend Developer
Science,Marketing,74.44674143500045,,83.12316085541384,Software Developer
Commerce,Coding,81.88251504109931,,88.23435861465856,Software Developer
Science,Data,73.07627075660321,77.78577924768832,,Data Scientist
Science,"Finance,Data",69.07534448299644,71.99316098590361,59.49851495840852,Software Developer
Arts,Healthcare,91.80557405,86.09528073048243,93.71849633823251,Software Developer
Science,"Marketing,Finance",76.316176,71.09051521149705,,Software Developer
Arts,"Marketing,Law",57.020658427664706,55.922514879023225,,Content Strategist
Science,"AI,Finance",93.01702189241956,,83.31964468897729,AI Researcher
Engineering,"AI,Design",70.89168019948258,,66.26933968066211,ML Engineer
Engineering,"Marketing,Design",57.21816645592062,58.18031166,67.47162785643572,Software Developer
Commerce,"Law,AI",88.88617181,94.79598552712423,,Software Developer
Engineering,Marketing,70.96146071538317,73.96884090646253,,Software Developer
Engineering,Data,67.48479177895072,,,Data Scientist
Commerce,Design,86.81829254653414,90.49190804338143,84.55850866101629,Software Developer
Commerce,Finance,62.30595968528797,55.13378959093002,,Finance Analyst
Commerce,Finance,64.73388624105819,,61.87758796247684,Finance Analyst
Engineering,"Design,Design",76.50388078066018,82.84008583143914,,Software Developer
Science,Design,87.24084868507391,90.17412722994852,83.30742683001456,Software Developer
Commerce,Design,80.45180327173836,78.74575589175265,,Software Developer
Engineering,Law,70.94809861924391,63.64338415568061,70.58596888522075,Software Developer
Arts,Business,60.623892640696845,57.844581347857414,66.78444047020378,Software Developer
Arts,Design,67.25382055053474,63.71598080678685,64.24355961592089,UI/UX Designer
Engineering,Marketing,83.96036810965043,79.80700508979794,86.61586991870165,Software Developer
Arts,"Finance,Coding",69.40822132675936,65.99234930622937,76.48777501155803,Software Developer
Arts,"Data,AI",82.20691315,72.52941270965862,78.06266664539868,Software Developer
Engineering,Marketing,76.14917585669848,76.69650816823182,69.02756463887391,Software Developer
Commerce,Marketing,70.65766166751158,69.54898560468357,,Software Developer
Arts,Design,94.33059409940793,86.35776615849984,,UI/UX Designer
Commerce,"Marketing,Marketing",95.05285953112248,87.95661737732323,,Software Developer
Commerce,"Finance,Healthcare",74.5111102,74.49370945049837,79.07182842025522,Finance Analyst
Commerce,"Law,Data",73.42290547165459,73.85754428844783,67.24068552837075,Software Developer
Commerce,"Law,AI",82.01385524986479,78.80742756,,Software Developer
Engineering,AI,90.90596438511996,,98.32751127968763,ML Engineer
Arts,"Data,Data",66.09402819068272,,72.98542221681083,Software Developer
Commerce,"Coding,Law",84.87767810091457,92.81094960884181,90.11567244451273,Software Developer
Arts,Healthcare,75.72072997992383,85.64935115799575,80.55168478472228,Software Developer
Science,"AI,Marketing",81.47052708942496,76.89537166675332,85.07534384861198,AI Researcher
Science,"Marketing,Healthcare",80.01996179937713,81.20816936564069,,Software Developer
Commerce,"Law,Finance",63.68310697288297,64.49928247,59.42091023113854,Software Developer
Commerce,Coding,83.89170196950599,,,Software Developer
Engineering,Marketing,61.61571835508536,,,Software Developer
Engineering,Coding,66.56644782413953,,,Backend Developer
Commerce,Coding,61.062567531103205,,,Software Developer
Commerce,"Law,Business",84.66891076956242,84.04305278498668,,Software Developer
Science,Finance,84.92233981,,90.47516406220583,Software Developer
Commerce,"Marketing,Healthcare",76.87731671212312,,,Software Developer
Commerce,"Healthcare,Business",78.24272976943179,70.93351368213187,71.52129225082709,Software Developer
Science,"Healthcare,AI",70.82490943473034,71.19576849438462,72.22231342295339,Doctor
Engineering,"Data,Design",89.73671692661948,84.51275101186143,,Data Scientist
Science,AI,67.18581846043334,61.85701683,55.63730457660576,AI Researcher
Science,Design,68.20357530919667,,70.57861311087485,Software Developer
Arts,"Healthcare,Business",70.1944158,73.93802784125597,,Software Developer
Commerce,Business,91.42233436466296,,,Business Analyst
Commerce,"Business,Coding",69.11906724090925,,73.10868838265506,Business Analyst
Commerce,"Business,Marketing",92.55889799087352,87.74557619424004,85.50475919,Business Analyst
Arts,"Business,Design",89.05791854822864,,76.26793975979726,Software Developer
Arts,"Marketing,Law",77.67042925218789,77.85435746,71.92256653100566,Content Strategist
Science,"Business,Coding",82.86286853278894,89.60367546855817,91.36328999521427,Software Developer
Engineering,"Healthcare,Healthcare",76.64266672877366,81.07384449,,Software Developer
Engineering,"Data,Business",62.633522865439254,71.11669547619483,68.13776985196878,Data Scientist
Engineering,Marketing,73.09523689783445,76.20554313156649,,Software Developer
Arts,"Law,Law",62.057028423274204,71.27532684634427,,Lawyer
Engineering,Data,65.92663402705436,66.86868468935558,72.26090533,Data Scientist
Commerce,Finance,96.25607388228408,91.46451362,,Finance Analyst
Commerce,Coding,92.66997379,95.19830635490258,,Software Developer
Arts,Design,76.44254651628911,84.16903625407818,,UI/UX Designer
Science,Marketing,76.92920399033528,84.41406626278099,,Software Developer
Arts,"Coding,Coding",94.91981788,99.08922926623647,100.19650763840153,Software Developer
Science,Law,73.23334397881588,74.54744729802445,86.19642935640076,Software Developer
Science,AI,86.03785287898182,84.22282465770638,,AI Researcher
Commerce,"AI,Finance",60.44423596726551,,,Software Developer
Engineering,Law,90.52053276,84.14831173024697,,Software Developer
Engineering,"Data,Finance",90.13794422037654,94.52948704633414,,Data Scientist
Science,"AI,Healthcare",72.98247025,77.42558676644101,70.13007803931569,AI Researcher
Engineering,Law,82.54519235,,,Software Developer
Engineering,AI,63.68741927681702,,62.63619368470643,ML Engineer
Commerce,"AI,Finance",88.52094246924183,89.44053157727924,,Software Developer
Engineering,Coding,82.07812613905504,85.26601317,75.53496960678584,Backend Developer
Arts,Healthcare,95.66152994006788,94.74759339,,Software Developer
Science,Finance,69.47998088226156,69.30683462,,Software Developer
Engineering,"Marketing,Design",63.99082548945859,69.21574223201563,60.37591435265429,Software Developer
Commerce,"Marketing,Design",75.92307840825548,80.42120468499371,71.91495549840265,Software Developer
Arts,Marketing,69.02798014055423,73.17776155839957,66.72483908432937,Content Strategist
Science,Marketing,82.12910841374104,76.03383417078658,74.23691335492624,Software Developer
Commerce,"Marketing,Data",79.35700414876669,83.78854937423552,,Software Developer
Science,"AI,Data",70.87450345,,,AI Researcher
Arts,"Data,Business",74.75646008985301,73.05339919543586,,Software Developer
Science,Coding,85.61482863023092,89.47210850813616,,Software Developer
Commerce,Business,73.37218707,78.92471200163607,,Business Analyst
Science,"Law,Healthcare",91.06858908341624,90.90688466,,Software Developer
Commerce,"Finance,Finance",64.16599007129264,,70.60555306836112,Finance Analyst
Arts,AI,83.54935391,82.90128811617812,,Software Developer
Arts,"Design,Law",71.33009812648926,,73.62130269511702,UI/UX Designer
Science,Business,84.66453519171287,90.52863454,,Software Developer
Commerce,"Law,Coding",61.62016030776347,,,Software Developer
Commerce,"Coding,Healthcare",62.80657078526778,66.77306650561817,,Software Developer
Arts,AI,84.9540342,87.05380576001166,77.39911015,Software Developer
Commerce,Business,87.90783162746433,92.56627799524446,,Business Analyst
Commerce,"Healthcare,Coding",72.86705139649183,74.14380894,,Software Developer
Commerce,Coding,65.41643499272111,60.57872536787536,75.81850208851002,Software Developer
Arts,Healthcare,72.48658255880032,,72.92626297900667,Software Developer
Science,"Finance,Design",86.90478902883179,80.35628204187798,,Software Developer
Science,"Design,Data",93.06128174,,101.39597026818184,Software Developer
Commerce,"Coding,Marketing",68.39179235872113,65.15916010017922,,Software Developer
Science,Law,64.65109260101049,67.69075731328599,,Software Developer
Engineering,Design,60.934934467544274,61.22534326611426,58.41381165043144,Software Developer
Commerce,Finance,71.81156987824815,82.64085552744261,,Finance Analyst
Engineering,"Healthcare,AI",70.37863160028327,75.18586539,,Software Developer
Arts,"Data,Business",82.55288857497837,,,Software Developer
Commerce,Finance,72.07690815056951,81.18378399737358,,Finance Analyst
Commerce,Design,82.13681671844468,,90.47425364843085,Software Developer
Science,"Healthcare,Law",63.59905511275076,62.35687902622786,,Doctor
Arts,AI,92.52931954599323,,,Software Developer
Science,"AI,Coding",69.31890689545155,66.33190102732509,,AI Researcher
Science,Design,81.93651373,78.64724949870892,78.62743912715158,Software Developer
Engineering,Healthcare,89.34541979667729,97.28644831366408,,Software Developer
Commerce,"Business,Data",68.92519030146981,,72.21286225,Business Analyst
Science,"Law,Coding",71.31372854435389,73.19674387,72.60979352780248,Software Developer
Arts,Healthcare,60.21775272247411,58.166483641550734,,Software Developer
Commerce,"Business,Business",71.83938713577771,69.96977263820968,,Business Analyst
Arts,"Design,Law",66.96720110476603,,,UI/UX Designer
Engineering,Design,68.35623837889993,70.15576298515667,,Software Developer
Commerce,"Marketing,Design",90.53477377,,,Software Developer
Arts,Law,91.70104731379102,,91.57253302095909,Lawyer
Engineering,AI,90.24976580272231,83.4003114,,ML Engineer
Commerce,"Business,Business",60.456043512535054,55.848520237969666,,Business Analyst
Arts,Law,73.55283350177514,65.54930931536204,65.24947602187828,Lawyer
Arts,Data,64.53810183342829,72.44572773941434,,Software Developer
Arts,"Coding,Marketing",86.26038597909006,,87.33269006551441,Software Developer
Commerce,Finance,72.31890141555877,74.15411974085768,,Finance Analyst
Science,Marketing,92.13930684152646,91.59618863507242,83.95148633,Software Developer
Engineering,"Data,Law",59.48547423164646,55.33859465281252,59.22181515292279,Data Scientist
Commerce,Marketing,79.58142126218907,78.77714836391733,,Software Developer
Science,"Business,Coding",78.39914885637884,76.39082492917005,,Software Developer
Science,"Healthcare,Healthcare",82.99643028899375,83.86734363329101,,Doctor
Arts,Marketing,79.63906201875464,,,Content Strategist
Commerce,"Healthcare,Finance",93.57239727275771,,102.23167018127278,Software Developer
Arts,Business,83.71275233710752,,73.49144250876299,Software Developer
Engineering,AI,80.21380556046057,,,ML Engineer
Science,"AI,AI",84.31623673032749,78.50906564303456,85.97843628374105,AI Researcher
Science,"Coding,Law",66.58526323,,,Software Developer
Arts,"Coding,Marketing",94.68765626015842,90.53829688136759,,Software Developer
Science,"Design,Coding",75.06570587836023,80.92325711803741,82.75467118,Software Developer
Science,"Design,Business",80.08970971546316,74.81734181585811,72.03586032831323,Software Developer
Commerce,"Healthcare,Coding",75.39218011161827,,72.10622548830635,Software Developer
Engineering,"AI,Healthcare",72.78088092,,71.64737569239357,ML Engineer
Commerce,Design,70.69214113359006,66.55367948689926,74.68055314772468,Software Developer
Engineering,"Finance,Finance",82.09647663215719,82.84764978334152,,Software Developer
Commerce,"Data,AI",74.25194623698249,71.23343971,80.20850022900338,Software Developer
Science,AI,91.69241106161459,,,AI Researcher
Commerce,"Business,Healthcare",73.33743465075645,70.85167034305795,69.29401249341211,Business Analyst
Science,Healthcare,81.53367553484328,,87.84386212031424,Doctor
Arts,Finance,77.44748094538484,,75.16640296890186,Software Developer
Arts,Design,68.38506663068131,,,UI/UX Designer
Arts,Data,74.04981648,79.83567845,87.15489368935147,Software Developer
Arts,"Marketing,Data",74.20772320058481,68.17748871659937,70.53818478514391,Content Strategist
Engineering,Marketing,69.94400936215429,,61.66472907546025,Software Developer
Engineering,Design,89.79894969658064,83.55996905228517,90.76389011430325,Software Developer
Arts,"Law,Business",80.76367581833125,,,Lawyer
Arts,"AI,Design",80.37140889964262,78.10091712146323,,Software Developer
Arts,Data,98.38875055786596,96.54988300864355,,Software Developer
Commerce,Business,74.03652773594358,74.31150961279315,,Business Analyst
Commerce,Marketing,67.33237806618682,67.85423585364293,58.84945678563508,Software Developer
Science,Business,75.36157073929888,76.13832751789413,66.30929668189684,Software Developer
Engineering,Design,75.35012258,78.34096730341903,87.00992432554787,Software Developer
Science,Healthcare,86.88741962525522,,91.55865609627416,Doctor
Commerce,"Coding,Law",76.10398624,77.09383664400563,83.17240389076203,Software Developer
Science,AI,77.67134287896141,,81.25871161648263,AI Researcher
Engineering,"Business,Marketing",77.4369326,75.96789438947754,,Software Developer
Engineering,Design,67.84276607894799,62.66370940284444,,Software Developer
Arts,"Healthcare,Business",93.01653987463047,85.87901826965006,94.27241366197299,Software Developer
Engineering,AI,77.10769918629794,69.6761632,77.28239774070076,ML Engineer
Commerce,Coding,94.26680319019638,,,Software Developer
Commerce,Marketing,76.16269106491487,,,Software Developer
Commerce,"Business,Healthcare",76.78928464949493,71.67522344,74.76948557,Business Analyst
Engineering,Coding,80.78483599098203,81.42743453181815,79.60151881561305,Backend Developer
Arts,"Business,Healthcare",87.77931681926982,89.99793457794127,93.19575030282066,Software Developer
Commerce,AI,87.58306197240675,82.42761523914857,90.89152493127456,Software Developer
Arts,"Data,Design",73.09387937537157,76.22810103690199,71.70331670894706,Software Developer
Commerce,Finance,88.52631431,92.36188717057294,90.07570685984116,Finance Analyst
Arts,Business,74.35881008612624,,76.45510803611285,Software Developer
Commerce,"Data,Coding",80.55658175321749,79.97564099390719,79.40481851409328,Software Developer
Engineering,Design,70.83263724,74.55137502616194,75.19162600260917,Software Developer
Commerce,AI,83.17814012184809,,91.42987998866336,Software Developer
Commerce,Design,56.91869764403289,,,Software Developer
Arts,Marketing,62.01768869481875,58.76894625447876,66.77120651994042,Content Strategist
Engineering,"Business,Marketing",57.63458173752198,,,Software Developer
Engineering,Business,80.37761602821554,75.07000155185638,,Software Developer
Science,"Business,Healthcare",76.73093421916002,72.31622429194486,82.79826595126674,Software Developer
Engineering,"Marketing,Business",93.26210309,88.85866147030762,,Software Developer
Engineering,Healthcare,70.71981693,,,Software Developer
Arts,"Finance,Design",64.20670232350271,70.68000796079065,68.02965686937412,Software Developer
Science,"Healthcare,Healthcare",89.41712318604777,82.31219209973138,,Doctor
Arts,"Law,Coding",62.66307573920878,62.49124930903415,55.72777180968814,Lawyer
Engineering,"Business,Data",67.7810274,,,Software Developer
Science,"Healthcare,Healthcare",94.60086240389705,91.46608910819889,97.113447,Doctor
Science,"Business,Coding",89.24437723,,,Software Developer
Arts,"Law,AI",89.62672929915759,88.70774032315475,84.74476958773919,Lawyer
Arts,Design,84.58248778667134,,,UI/UX Designer
Science,Healthcare,71.26574446187094,79.65148833556776,,Doctor
Commerce,AI,61.295039853847086,,65.76251177767524,Software Developer
Science,Healthcare,66.52946874778384,63.52843699869107,65.24375169373319,Doctor
Arts,"Design,Business",61.886542513651634,59.503845081791106,,UI/UX Designer
Science,"Business,Coding",55.55517227549354,64.34457912031249,,Software Developer
Engineering,Finance,80.41104307656558,75.02873006877387,81.04593137879338,Software Developer
Science,"Marketing,Finance",84.10669280630356,91.63702895366184,81.77526643123336,Software Developer
Arts,Healthcare,84.52160578488045,82.11429611372179,,Software Developer
Arts,Coding,78.44471973114118,,87.31075574,Software Developer
Arts,Coding,74.12938106102247,75.82993638635885,80.56010310610066,Software Developer
Arts,"AI,Data",84.73639447665414,,,Software Developer
Engineering,"Healthcare,Data",82.94490479325805,,,Software Developer
Commerce,Business,67.98147491369859,,,Business Analyst
Engineering,"Finance,Design",71.23159136268026,75.72535739669945,70.44337314046649,Software Developer
Engineering,"Healthcare,AI",69.91108175479125,,,Software Developer
Commerce,"Law,Data",75.7142478,78.51814935209585,,Software Developer
Commerce,Business,69.92983971602497,69.09624698353272,,Business Analyst
Arts,"Marketing,Coding",92.65122037974137,96.07987315633576,98.56256232019318,Content Strategist
Science,"Marketing,Finance",74.53732924244228,80.78066291,78.56225269320265,Software Developer
Engineering,"Data,Data",59.70011323517245,62.52575280075169,,Data Scientist
Science,Data,83.83217984208233,80.49727514,,Data Scientist
Commerce,Marketing,71.23477457577937,64.40363935,60.34702096942156,Software Developer
Arts,Business,66.02942673,67.47935533944589,70.99109243321254,Software Developer
Science,Finance,85.96856407218678,78.35935910856793,80.67447705030999,Software Developer
Science,Finance,86.54356378002879,86.78529131554154,79.48201740706159,Software Developer
Commerce,"Finance,Law",80.53325442262508,80.11721654855816,,Finance Analyst
Arts,"Business,Marketing",67.47595018504693,75.49700903928557,69.97949856449878,Software Developer
Engineering,"Data,Business",87.11628690743369,83.90493551189833,85.29698681541562,Data Scientist
Commerce,Design,63.27632009153174,,66.62148515992385,Software Developer
Arts,"Coding,AI",84.88339722153705,85.54900016890471,,Software Developer
Engineering,"Marketing,Data",92.16648256876802,,100.30519162209885,Software Developer
Engineering,"Finance,Business",73.75121776228306,81.99047283880694,,Software Developer
Commerce,AI,75.27833093013152,83.37683557951507,,Software Developer
Arts,Business,85.59062267133112,90.88385181598406,80.28100717918555,Software Developer
Engineering,Law,79.06895449030252,71.00570244185249,,Software Developer
Science,Coding,95.44471353607699,,88.71950475049834,Software Developer
Commerce,"Design,Healthcare",77.90026957,75.80637780197915,,Software Developer
Commerce,Healthcare,69.20771423822744,,68.73384604117645,Software Developer
Arts,"Finance,Coding",84.40905583158683,90.36261748600535,,Software Developer
Science,Design,80.71268325849161,85.5844887,,Software Developer
Science,"AI,Business",63.657501248699674,,,AI Researcher
Arts,Marketing,73.99151268094421,75.70965541751568,,Content Strategist
Commerce,Data,74.29329289692956,84.02150931006493,,Software Developer
Arts,Coding,88.08687287695743,93.53899206199385,,Software Developer
Science,Business,67.14277849516849,,73.04593201934665,Software Developer
Commerce,Law,69.25753515596197,68.39541163919033,62.165071074390895,Software Developer
Commerce,Coding,63.14003336459993,,51.96500591760832,Software Developer
Science,"Finance,AI",75.94740579181894,,74.48232896159419,Software Developer
Arts,Law,69.83394277494594,,,Lawyer
Science,"Design,Design",66.09685636295339,73.19707817479772,,Software Developer
Science,"Design,Law",64.53516600532114,,69.82564998785654,Software Developer
Engineering,Design,88.27022800514975,,86.48751607223572,Software Developer
Arts,"Marketing,Data",56.10757174449719,,,Content Strategist
Engineering,Finance,70.56815611326621,,,Software Developer
Engineering,Law,78.54378194247992,78.56215931776495,,Software Developer
Arts,"Coding,Business",78.94678985045832,85.85388935,73.71840749027848,Software Developer
Engineering,Finance,81.77953392963508,,82.03888393068912,Software Developer
Science,"Business,Business",75.65416985855508,80.29618102523108,80.41297363,Software Developer
Science,"Design,Data",69.59696129756645,65.33309132016598,,Software Developer
Arts,Finance,90.87623732233818,86.43700864004181,,Software Developer
Engineering,"Law,Business",92.73090351406282,91.09303123828289,99.56699472097657,Software Developer
Engineering,Coding,82.18656999,81.44648096795497,,Backend Developer
Engineering,Healthcare,86.34062947081992,84.18553630499878,,Software Developer
Commerce,AI,94.61975059643623,,,Software Developer
Science,"Data,Healthcare",78.19856876440377,74.93988214818964,73.04073357007167,Data Scientist
Engineering,"Data,Finance",78.91863416933917,73.14212477575614,,Data Scientist
Arts,"Business,Coding",66.48327771807473,,,Software Developer
Science,Finance,83.60549531806362,,,Software Developer
Science,Finance,75.07237674491536,73.88242705952118,66.86290321891582,Software Developer
Science,Marketing,61.602673936030655,68.14987348907559,65.81521601509613,Software Developer
Science,"AI,Marketing",78.18220133817022,,,AI Researcher
Engineering,Law,84.31479535392155,,85.70617301526408,Software Developer
Arts,AI,94.75117377150539,,,Software Developer
Arts,"Design,Marketing",78.98583791621758,82.31285769106768,79.56460038206318,UI/UX Designer
Science,Coding,71.49229343564106,,,Software Developer
Arts,"Finance,Healthcare",87.93344838,,,Software Developer
Arts,"Finance,Data",82.03556186,,,Software Developer
Science,Healthcare,66.33684112416518,57.19567288357733,70.71615292782656,Doctor
Engineering,Data,65.17401526050602,73.78362127476359,,Data Scientist
Science,Data,89.08906890620648,97.75740731489816,,Data Scientist
Arts,Business,88.76883015089835,,,Software Developer
Arts,"Data,AI",66.94820477940371,70.05090688,,Software Developer
Commerce,"Healthcare,Coding",84.55618474972499,86.48912988,77.05827685306078,Software Developer
Science,"Healthcare,Data",96.27628694891574,98.47678101,,Doctor
Science,Coding,98.23234800149511,100.3325261,,Software Developer
Arts,Marketing,95.84754357414191,,,Content Strategist
Commerce,"Law,Coding",67.95742207302831,71.30945895661047,73.25595737968536,Software Developer
Science,Law,94.69504085390832,88.22242079535863,101.64032290425925,Software Developer
Commerce,Marketing,77.54814745259887,71.33670186032494,80.90866476131306,Software Developer
Arts,Law,82.38111432678947,77.51150256470214,,Lawyer
Science,"Coding,Marketing",68.95136568557662,78.20465313904575,66.35510803066963,Software Developer
Arts,"Design,Law",82.19779767592173,77.69685828634371,78.56093915864375,UI/UX Designer
Commerce,"Business,AI",58.98737754900422,62.48917649060354,65.57726738232574,Business Analyst
Commerce,Finance,89.65874206233664,94.11213505740976,98.55750002488622,Finance Analyst
Commerce,Healthcare,85.97073495821127,92.12840340447823,94.74369870235049,Software Developer
Commerce,Law,89.55823307872643,89.09773173050536,97.05804936809456,Software Developer
Commerce,Design,84.99962434132249,,83.31067656043636,Software Developer
Arts,"Business,Law",84.08348808070683,,79.12170075628947,Software Developer
Science,"AI,Law",62.76411422350214,72.58715747,67.70743759495528,AI Researcher
Science,"AI,Coding",88.79390944,95.00582005141486,,AI Researcher
Science,"Finance,AI",83.01763015101166,,78.87469466,Software Developer
Commerce,"Marketing,Marketing",83.89116589611572,80.66884581413949,73.19759766,Software Developer
Engineering,Data,76.49118968096099,,,Data Scientist
Engineering,AI,87.13085239732439,,,ML Engineer
Engineering,"Finance,Coding",69.65534618984205,,,Software Developer
Engineering,Business,72.70932297273316,79.05615052796404,78.23764831671818,Software Developer
Arts,Data,87.01123333580233,87.89521569481462,,Software Developer
Engineering,"Data,Healthcare",74.11349332404038,74.99116828,72.03536076511212,Data Scientist
Arts,"Healthcare,Data",89.99352619436165,92.65116855681099,96.36156786,Software Developer
Commerce,Healthcare,89.71459689986712,91.64599140772364,,Software Developer
Engineering,"Finance,Business",69.34778455,,62.74312026054521,Software Developer
Commerce,Business,77.90127958786348,84.69408834576502,82.11787524135204,Business Analyst
Arts,Business,87.65331085,90.45071765246045,87.76855884108376,Software Developer
Engineering,Law,85.87335755050358,92.12075107587822,,Software Developer
Engineering,AI,65.4316371,71.86880346900755,71.87103740248465,ML Engineer
Science,AI,95.48215557,,102.43299308195995,AI Researcher
Science,Law,78.64745523,,,Software Developer
Arts,"Design,Marketing",87.54481947054889,,,UI/UX Designer
Arts,Finance,90.43074314317127,87.71357736814502,90.24405428581127,Software Developer
Arts,"Finance,Design",65.79932569936024,,,Software Developer
Commerce,"AI,AI",76.37670905337417,83.13070583667277,,Software Developer
Science,Coding,82.86041285693207,81.96057061923895,73.74874062384083,Software Developer
Engineering,Healthcare,75.40232446354725,,,Software Developer
Science,"AI,Coding",64.67693516301608,69.65697194624629,56.82651230888554,AI Researcher
Commerce,Coding,91.33259779935753,93.09927039149997,93.28228660082473,Software Developer
Science,Coding,86.52979780215442,81.20161015,,Software Developer
Commerce,Business,81.70795604504309,81.65116580205216,72.01808072867544,Business Analyst
Arts,Data,90.40221269064311,,,Software Developer
Science,Law,65.09777989907528,66.55386354,,Software Developer
Science,"Finance,Design",94.06396853734587,96.11947435547489,85.14485457779935,Software Developer
Commerce,Data,76.90273743652577,71.82127986324738,75.21708316604438,Software Developer
Engineering,"Marketing,AI",84.38662680182934,76.71582947960287,90.13172650825345,Software Developer
Science,"Marketing,Marketing",91.13014471803157,,87.81313789205846,Software Developer
Arts,"Law,AI",85.62315671,,91.04332658,Lawyer
Science,"Healthcare,Marketing",83.10471761966332,79.77824822654458,87.14434853768168,Doctor
Commerce,"Finance,Finance",85.99782437416847,83.08221673314108,,Finance Analyst
Arts,Law,93.76475993246156,92.04930762543886,90.61068546,Lawyer
Engineering,AI,82.39588324296926,75.71573194853367,71.55516012226425,ML Engineer
Commerce,Data,69.37308682019184,68.58366165396528,,Software Developer
Commerce,"Marketing,Marketing",60.92872329707264,67.08067247216796,,Software Developer
Commerce,"Law,Design",84.33497704152614,,,Software Developer
Commerce,Healthcare,82.78595963402333,,,Software Developer
Commerce,"Law,Coding",82.32835891790448,,,Software Developer
Engineering,"Healthcare,Data",85.76354742139748,87.55842389574697,87.94502612811182,Software Developer
Science,"Healthcare,AI",73.50077553387898,78.08171776526858,82.58804995331818,Doctor
Science,AI,91.41470610349754,,90.57528143941678,AI Researcher
Science,"AI,Finance",66.78549138025677,72.00700487,78.24904619852487,AI Researcher
Arts,Coding,81.34915100842797,,82.74875383868995,Software Developer
Science,"Business,Finance",56.15233154204321,,65.21273539517804,Software Developer
Engineering,"Marketing,Law",69.92421218,,,Software Developer
Arts,Design,67.95863667649516,68.58745406747119,,UI/UX Designer
Engineering,"Finance,Data",67.49056088,69.76325092656803,72.13315233597122,Software Developer
Engineering,Marketing,90.20142936074393,100.03736243491792,,Software Developer
Engineering,Marketing,72.26022613378211,,,Software Developer
Science,"Marketing,Law",80.15531438866645,72.87876316325303,79.64248988716497,Software Developer
Engineering,"Coding,Marketing",88.37485710360029,88.44883286165071,,Backend Developer
Engineering,Law,69.24234742946389,,67.97995316394628,Software Developer
Engineering,Marketing,81.93896171975462,91.07024432038837,93.65229288227536,Software Developer
Arts,Business,86.02198329047143,,90.47236328808495,Software Developer
Arts,"Design,Coding",71.19793080005546,63.05129404178697,75.97616559202595,UI/UX Designer
Commerce,"Marketing,Data",76.05402395,85.37126487220219,,Software Developer
Commerce,Design,81.72382714124838,,78.24115453943966,Software Developer
Science,"Law,Business",63.85517908,58.40937862775997,,Software Developer
Engineering,"Design,Marketing",74.73356313089663,,,Software Developer
Engineering,"Business,Healthcare",95.67242224805247,87.09593957814776,99.89000194533179,Software Developer
Science,"Finance,Marketing",74.64409381109049,66.37283772,,Software Developer
Engineering,"Business,Data",92.07839685921438,84.72100586226486,90.00220646363209,Software Developer
Engineering,Data,88.24296104052249,88.94976302046096,90.63572053601315,Data Scientist
Arts,Data,77.69500566388324,75.63464955867876,90.22206123923266,Software Developer
Commerce,Data,56.94453737759041,60.59551012677573,,Software Developer
Commerce,AI,61.47384120630095,,51.19328897868693,Software Developer
Science,Finance,71.46551552011954,72.25479305709986,,Software Developer
Engineering,"Coding,Healthcare",88.75345172215043,83.75371953131547,,Backend Developer
Science,"Data,Marketing",85.10234311,84.31012810484293,,Data Scientist
Commerce,"Business,Finance",89.63247764973632,93.39399828471373,,Business Analyst
Commerce,"Data,Law",67.74115049314081,70.91868795108564,64.37331305739706,Software Developer
Engineering,"AI,Marketing",71.13480318562658,74.28183116279942,,ML Engineer
Arts,Coding,93.89484230182794,,,Software Developer
Engineering,AI,83.27260849692746,,91.51582540898008,ML Engineer
Commerce,Data,87.95750575738396,88.85331075943981,,Software Developer
Commerce,"Marketing,Design",94.56319841,97.58539810406364,,Software Developer
Arts,Coding,70.99809675,76.01307201249003,71.87416131225133,Software Developer
Engineering,"Data,Law",72.32097663519242,,,Data Scientist
Commerce,"Data,Healthcare",94.75643451122956,,91.42327550219855,Software Developer
Arts,Design,91.06661611,,96.14247269542707,UI/UX Designer
Engineering,"Marketing,Design",61.27060310608275,62.77786348654258,70.97595923554637,Software Developer
Science,Marketing,81.15441145973355,80.50943384709362,84.75646165926844,Software Developer
Science,"Marketing,Marketing",74.41146794447504,76.66899034168277,74.07338442793045,Software Developer
Commerce,"Finance,Marketing",93.06056451752428,,,Finance Analyst
Engineering,"Data,Data",82.14376136,88.33755279953994,74.31609274388323,Data Scientist
Arts,Finance,90.62464004,,,Software Developer
Science,"AI,Finance",95.13854487342846,90.79161343448875,83.14193719184148,AI Researcher
Engineering,"Design,Business",95.61542289231686,,,Software Developer
Science,"Data,Data",95.26014872315925,90.67995963891416,101.6792175,Data Scientist
Commerce,Finance,62.001693336607275,58.87745499,54.411020589153374,Finance Analyst
Engineering,Marketing,76.32437856132482,71.99268060682482,,Software Developer
Arts,"Design,Design",86.98049696,89.43825841531205,92.99888132,UI/UX Designer
Commerce,Finance,78.65501247997364,89.65680279962257,84.99525368866279,Finance Analyst
Commerce,Marketing,55.94851837161427,63.07708386235916,,Software Developer
Engineering,Coding,57.91142650705793,,62.35028219198675,Backend Developer
Engineering,"Coding,Business",95.77706413475337,90.66082070197771,,Backend Developer
Science,Data,86.19301414045805,86.27134915291771,,Data Scientist
Arts,Healthcare,97.09992142767092,,,Software Developer
Engineering,Data,67.99135202993054,67.94349323178278,63.707829557420354,Data Scientist
Science,"AI,Finance",69.04021194101118,,62.89257502,AI Researcher
Engineering,Data,91.70649293068757,85.79538298847041,91.18526851744019,Data Scientist
Arts,"Coding,Business",62.63775668409096,,,Software Developer
Engineering,Design,84.97434905382991,89.78355718203102,93.29046329158295,Software Developer
Arts,"Law,Design",89.23300827,,90.65374496863616,Lawyer
Engineering,Design,85.49546045,,85.79712638580824,Software Developer
Science,"Finance,Coding",65.00023711,,53.56535119,Software Developer
Engineering,Data,82.48197474568109,86.61954473233511,86.46871981840295,Data Scientist
Engineering,Healthcare,87.30226612696521,82.86949635886172,,Software Developer
Engineering,"Design,Design",68.15654555486628,70.82229152048868,59.56957388197874,Software Developer
Commerce,Healthcare,67.64855055724668,,,Software Developer
Science,Healthcare,94.28841551098903,,93.23250671069114,Doctor
Engineering,"AI,Coding",62.403231411787615,,69.95686625351945,ML Engineer
Science,Marketing,90.97152355685094,87.87300011679169,97.22423677824422,Software Developer
Engineering,"Coding,AI",91.14999977440863,,96.73935478837798,Backend Developer
Arts,"Data,Coding",71.84845307221654,70.69023817987463,76.76876573384293,Software Developer
Engineering,"Healthcare,Business",87.69332352557369,,,Software Developer
Commerce,Business,65.02706774595788,56.05356468428014,55.32915879865889,Business Analyst
Arts,Law,77.99551604969302,77.26996274398765,71.31783536806286,Lawyer
Science,Design,86.35243534857213,89.10750991,,Software Developer
Science,Coding,98.39562404102479,98.84865649665743,85.00140215352778,Software Developer
Science,"Business,Business",76.61589499509387,83.28145809684565,,Software Developer
Commerce,Finance,92.91634143241953,,97.47646322824016,Finance Analyst
Science,"AI,Coding",77.42135194177229,81.12704889874576,,AI Researcher
Science,"Data,Finance",89.98298978337442,91.64704667927214,,Data Scientist
Arts,"Design,Marketing",81.04421106751768,,82.65895901090258,UI/UX Designer
Science,Coding,69.86541994700956,,,Software Developer
Arts,Finance,57.91886478346673,62.62629524265627,71.25578556739168,Software Developer
Arts,Coding,71.51099707567914,75.18260543490342,70.22547001307532,Software Developer
Engineering,Design,81.50561334490534,,,Software Developer
Science,Business,84.41395298379382,92.97025372027491,81.47204692168204,Software Developer
Arts,"Data,Healthcare",80.38507596,77.81380078668322,75.35519335283026,Software Developer
Science,Business,86.70923673735103,,,Software Developer
Science,"Healthcare,Data",86.24402199945534,84.13489671655381,,Doctor
Commerce,"Design,Marketing",72.93106633931454,80.48402803710502,78.89218361,Software Developer
Arts,"Business,Finance",67.39796938541008,,,Software Developer
Arts,AI,70.49417418455359,74.51342196237565,77.91236629216306,Software Developer
Engineering,Healthcare,82.53153303,,,Software Developer
Science,Healthcare,88.42561220472331,,,Doctor
Science,"AI,Coding",97.04707833811455,92.59296426107983,90.29513409,AI Researcher
Commerce,Data,76.73435671055161,78.32670619753485,,Software Developer
Engineering,Business,82.31983202773907,86.69321058476403,92.69842794,Software Developer
Commerce,Marketing,73.01766184934816,81.66484269745109,85.17086201421372,Software Developer
Science,"Law,Data",85.56984586158501,,88.19149155256109,Software Developer
Arts,"Business,Business",74.51192826829501,77.46091393721457,84.5148969,Software Developer
Arts,Coding,82.32698565,81.47968384340886,,Software Developer
Science,Data,66.36683256726567,73.71785226547411,66.96034407,Data Scientist
Science,Finance,85.25820497692273,92.3734622,85.77580356506171,Software Developer
Engineering,Healthcare,99.17241413349046,,,Software Developer
Engineering,Data,65.46857002364608,,,Data Scientist
Commerce,Healthcare,71.68269735,66.56878465402332,73.80656917368437,Software Developer
Arts,"Law,Finance",63.61275122657426,53.649750515365945,,Lawyer
Science,Data,59.72908753792231,69.20775284932084,,Data Scientist
Arts,"Business,Business",92.78855784008276,95.69297720947038,,Software Developer
Engineering,Healthcare,59.123936447417556,,,Software Developer
Engineering,"Law,Law",71.36047792445959,,,Software Developer
Engineering,"Design,Data",77.66940724349291,72.47688806454659,78.90156675005836,Software Developer
Commerce,Business,88.87366398405294,84.89473361417507,89.183067,Business Analyst
Science,"Coding,AI",79.20987416880553,,84.04047148213337,Software Developer
Commerce,"Healthcare,Marketing",64.73193873835757,,70.56966118678552,Software Developer
Science,Finance,64.52685526640211,65.85987586902563,,Software Developer
Arts,"Law,Coding",72.84458626789188,80.41817646369574,,Lawyer
Commerce,"Law,Coding",68.01036494951445,70.94795654804162,,Software Developer
Arts,Marketing,78.11608496304025,,73.67002231946236,Content Strategist
Arts,Design,69.29187577705547,,,UI/UX Designer
Arts,"Design,Marketing",62.771187158176716,,67.84671264934975,UI/UX Designer
Commerce,"Marketing,Law",93.53110661635931,,,Software Developer
Arts,"Law,Design",78.38297632,69.49563021664305,,Lawyer
Arts,Business,81.77634312542308,77.29833243,73.10762625419919,Software Developer
Science,Law,64.78909656405752,66.02287995144238,,Software Developer
Engineering,Law,79.32054005300786,81.97360826792006,68.76413178670413,Software Developer
Engineering,Finance,72.97718897784834,68.99256641204077,,Software Developer
Engineering,Data,80.39595799,71.52340599455924,,Data Scientist
Engineering,"Business,Marketing",67.27624014627082,76.02286918317753,60.21423053946256,Software Developer
Science,Finance,82.21749965256282,,,Software Developer
Commerce,AI,89.76333589038872,,97.08224363530945,Software Developer
Science,"Coding,Data",88.72669004186565,,84.55273584,Software Developer
Science,Data,67.66961410161036,,68.44746668851315,Data Scientist
Commerce,"Design,AI",71.80965969028102,80.93278481831544,79.08925065364545,Software Developer
Engineering,Design,85.86109620629658,91.71923944849043,,Software Developer
Commerce,"Marketing,AI",63.93061240377778,66.34512665114336,,Software Developer
Science,Data,83.88495219770694,90.22867886898764,86.67726032493422,Data Scientist
Science,Finance,73.94537380068412,72.49520175823453,72.97402478946329,Software Developer
Commerce,Finance,72.01454893416619,71.29926473994075,71.25390370339495,Finance Analyst
Engineering,"Coding,Finance",87.41224378,84.20704894291188,94.02196543653592,Backend Developer
Science,"Finance,AI",91.47908404408871,91.95097471221897,99.41281813975293,Software Developer
Science,Marketing,82.56000704627898,84.98233020366926,,Software Developer
Commerce,Finance,65.86596920926661,,67.75427799245443,Finance Analyst
Engineering,AI,83.93033857406945,78.25944843238716,81.70483033791726,ML Engineer
Engineering,Design,90.15281213,89.05263986050329,94.48797787585045,Software Developer
Science,Healthcare,91.97735523789547,85.18833873749847,85.07208637880737,Doctor
Commerce,"AI,AI",61.94964254010084,72.24731697319626,68.09441660811835,Software Developer
Commerce,"Data,Business",84.80166813347758,87.68286272784405,,Software Developer
Engineering,Marketing,68.78067014087804,,,Software Developer
Arts,"Marketing,Data",92.60242916,,88.38964206372066,Content Strategist
Commerce,"Finance,Finance",81.37491795437484,,,Finance Analyst
Commerce,"Coding,Marketing",65.65527308013391,71.75427229720728,69.38984076709457,Software Developer
Science,Coding,55.66649323113323,,66.72223382859666,Software Developer
Arts,AI,93.58281128711705,94.92599318349087,,Software Developer
Arts,"Data,Coding",69.96260860171692,67.69282796928675,,Software Developer
Arts,"Healthcare,Finance",82.32618434804117,80.41233261619703,78.51553763471154,Software Developer
Science,"Marketing,Law",71.83466463798928,73.93566208885868,70.63343538458795,Software Developer
Engineering,Law,70.08610213651073,72.39347168628566,71.75129244790394,Software Developer
Engineering,"Marketing,Coding",89.89299744529139,93.22763602,,Software Developer
Commerce,"Business,Coding",75.48402838461689,80.74161431,,Business Analyst
Arts,Design,81.57136979899317,,,UI/UX Designer
Arts,Design,77.68662132977907,79.46957648780321,,UI/UX Designer
Engineering,"Finance,Marketing",59.51509111035971,61.21829123028047,,Software Developer
Engineering,"Finance,Finance",81.75971389277865,82.1012085,93.56451402411886,Software Developer
Engineering,"Marketing,Finance",85.86199776714847,,,Software Developer
Science,"Law,Finance",68.55466089036015,63.29636342500131,60.06573402102297,Software Developer
Arts,"Healthcare,Finance",73.57366282508971,76.97537393371353,63.582717869819916,Software Developer
Engineering,"Coding,AI",61.83031270371076,63.62975162002158,,Backend Developer
Commerce,"Finance,AI",79.59365429565439,83.46647597159789,,Finance Analyst
Science,"Finance,Coding",73.23998901,72.59339398598848,,Software Developer
Engineering,Healthcare,61.73857263829643,60.57957659367209,62.81174079685053,Software Developer
Arts,Business,84.99123952,81.60143251,,Software Developer
Engineering,"Business,Data",83.31405501376692,76.50228404620908,85.82989399479622,Software Developer
Science,AI,72.65767807,,,AI Researcher
Science,Coding,84.27808743805316,75.37066772593595,79.31021830167383,Software Developer
Commerce,"Business,Business",76.20866727618578,81.31794950099584,,Business Analyst
Engineering,"Data,Law",63.64333955909675,65.24605761,,Data Scientist
Arts,"Finance,Design",78.63787642789922,87.80872948581157,84.45968305465462,Software Developer
Science,"Design,Business",69.11915726306586,76.49629928983407,82.04192427482286,Software Developer
Science,"Data,Healthcare",66.71533569534454,,66.15412235196528,Data Scientist
Engineering,"Law,Business",95.82451034051762,,,Software Developer
Science,"Data,Business",83.29537086806432,80.51926620176059,87.5855527,Data Scientist
Science,Coding,63.94711300657564,69.60925046,,Software Developer
Engineering,Healthcare,81.85545561574968,,,Software Developer
Science,"AI,Healthcare",68.27634487934725,71.67386670450875,68.08987900632685,AI Researcher
Commerce,"Data,Marketing",62.65195252063903,59.37888716810548,67.25302764875474,Software Developer
Engineering,"Finance,Business",71.71370864856503,,,Software Developer
Science,"Data,Healthcare",77.32883017497473,,,Data Scientist
Commerce,"Data,Finance",90.05488693137723,,,Software Developer
Science,Design,74.75697531778182,64.65903685926673,,Software Developer
Engineering,Marketing,68.52723220749316,63.405938631043746,66.03950876512738,Software Developer
Engineering,"Healthcare,Business",70.11790212478367,,,Software Developer
Engineering,"Healthcare,Coding",83.96905474,84.00826958946749,,Software Developer
Engineering,"Data,Data",56.456721213238666,,,Data Scientist
Commerce,Law,77.33781166266543,80.99368412583894,82.47018165516526,Software Developer
Science,Business,66.00230362,64.19489798478928,57.96608182267912,Software Developer
Science,"Design,Finance",67.19118429065671,71.39587222785997,77.06238237982949,Software Developer
Science,"Coding,Data",62.52842160592085,,,Software Developer
Science,Law,90.51878040759249,89.36790026591267,,Software Developer
Science,Finance,93.64459326961506,88.09662810378566,,Software Developer
Engineering,Finance,71.71189709656713,77.31009983171231,81.09683398208605,Software Developer
Engineering,"Coding,Business",72.44178531699586,64.71213994025833,,Backend Developer
Engineering,"Finance,Coding",93.64598375,94.09914906733181,,Software Developer
Commerce,"Coding,Finance",91.03251581571368,,,Software Developer
Commerce,Law,67.90424533,,60.127813006382574,Software Developer
Science,Finance,77.09827472794146,,83.86044617037624,Software Developer
Commerce,"Healthcare,Healthcare",64.12185792838545,58.42930662,,Software Developer
Commerce,"Law,Law",86.97751733454777,83.74884499094952,96.92655901316547,Software Developer
Engineering,Marketing,79.86140494656517,,,Software Developer
Science,"Law,Marketing",85.13607539,86.22175191,84.55727125213534,Software Developer
Engineering,"Finance,AI",69.25582034,70.19537948123843,71.70550997136499,Software Developer
Arts,"Healthcare,Coding",59.84986547784936,63.962409235533244,71.38172890349145,Software Developer
Science,Healthcare,73.06713464980793,73.16413205482522,,Doctor
Science,"Finance,Business",76.92141588322826,77.33535865307726,88.97365004366759,Software Developer
Arts,"Finance,Coding",68.84030413751017,70.55342155741744,59.85692415160183,Software Developer
Engineering,Design,92.75182084310788,,92.62848210814369,Software Developer
Engineering,Coding,68.65884719,65.83736674093552,61.89495482867434,Backend Developer
Engineering,Healthcare,65.47140798083228,61.63357518967358,65.08519857900338,Software Developer
Science,"Business,AI",79.74405114528557,84.81853078323564,85.25570940720267,Software Developer
Arts,Marketing,89.56531067218384,95.90985239268392,,Content Strategist
Commerce,Law,66.18617818073638,,75.30070983921439,Software Developer
Science,"Coding,Law",76.86973145871048,75.31283155,,Software Developer
Commerce,"Data,Finance",87.96397276507338,87.30194012,,Software Developer
Arts,Marketing,87.83352020505177,,,Content Strategist
Arts,"Healthcare,Law",90.18041613469785,,,Software Developer
Engineering,Marketing,90.45808988032579,87.29366927511775,93.88370965,Software Developer
Commerce,"Law,Marketing",87.09248463003867,90.29231266591839,79.49134448,Software Developer
Arts,"Marketing,Marketing",72.51543737619615,69.60798622006205,,Content Strategist
Engineering,AI,82.86896928432054,,92.64123916664103,ML Engineer
Commerce,"AI,Business",80.81852975883059,,87.22289969165328,Software Developer
Science,Business,71.03973133965765,,65.68929536,Software Developer
Science,"Data,AI",74.29046068324867,79.15877363014266,,Data Scientist
Engineering,Finance,74.60875067422498,76.34169046834286,85.03302600777388,Software Developer
Arts,Finance,90.19644559363645,91.39603023809478,,Software Developer
Arts,Finance,98.76353121688743,99.97573479805378,,Software Developer
Engineering,Law,67.30703351906948,66.46783794586287,,Software Developer
Science,Finance,82.78570600677773,,85.75146273675712,Software Developer
Science,Data,88.18200745536141,85.42854916217297,,Data Scientist
Engineering,"Law,Coding",91.57414407849464,,,Software Developer
Science,Healthcare,71.2735855,,69.98463929322882,Doctor
Arts,"Finance,Design",68.48414346144438,66.90508203016628,66.39331508437732,Software Developer
Science,Healthcare,82.71817361925278,87.11513817805753,94.84714804,Doctor
Engineering,Coding,76.07889614004516,,,Backend Developer
Arts,Data,76.63258895284335,,,Software Developer
Science,"Healthcare,Healthcare",89.50906824,,81.46913382970813,Doctor
Commerce,"AI,Healthcare",81.66247953638535,,81.36176375,Software Developer
Engineering,AI,79.39881506527507,80.57339424377611,,ML Engineer
Arts,"Data,Design",85.56484041127435,78.64569723684369,88.92460658,Software Developer
Engineering,Design,83.59000328431885,78.15663653075963,,Software Developer
Science,"Law,Law",75.32061990094647,74.61081187,,Software Developer
Arts,"Business,Healthcare",67.43787446960872,76.72207202071569,76.26132749,Software Developer
Arts,Design,83.40684259275575,89.33479952464087,78.54673860807216,UI/UX Designer
Science,Finance,64.29840861198181,59.69019645729759,56.295348449019535,Software Developer
Science,AI,87.40890964509914,,,AI Researcher
Commerce,"Healthcare,Coding",89.96052759523444,87.66489151779267,86.97267542195213,Software Developer
Engineering,"Healthcare,AI",75.00981137919759,,75.49723788743889,Software Developer
Science,"Data,Coding",83.95389075590485,83.29046261999167,,Data Scientist
Science,Healthcare,73.33252543673215,,76.66338273,Doctor
Commerce,"Design,Law",88.72161034733057,83.62496215554096,,Software Developer
Arts,"Finance,Healthcare",81.63718248132315,,85.76709365772989,Software Developer
Science,"Marketing,Law",80.17312947877015,,,Software Developer
Arts,"Data,Design",59.36206277576166,,65.12355502612354,Software Developer
Engineering,"Law,Finance",62.67520355645911,70.83601722503374,65.54325880106296,Software Developer
Science,"Coding,Law",67.52936175,69.10562441233317,,Software Developer
Engineering,Law,92.47366032618743,,,Software Developer
Commerce,Law,86.35593939428908,,,Software Developer
Engineering,Design,88.38507298963061,91.03339939527899,,Software Developer
Engineering,Coding,88.78277288022365,94.8287468,93.37952263496896,Backend Developer
Science,Coding,97.33895934267048,99.52079815,,Software Developer
Engineering,"Design,Marketing",67.52885115122587,64.50003147,,Software Developer
Engineering,"Marketing,Coding",85.59010852364354,81.80887171129778,91.94266267051324,Software Developer
Engineering,Design,78.14262675071093,79.73799866930169,73.43409898767777,Software Developer
Engineering,Healthcare,96.38247523250648,99.25860223888316,103.43256084593705,Software Developer
Science,Design,79.45168711096063,,,Software Developer
Commerce,"Marketing,Design",81.42190371,79.48817243585664,81.85237823939391,Software Developer
Commerce,Law,78.18416058614564,79.79702156713998,66.44653920715061,Software Developer
Arts,Design,80.14664274,77.73884763274437,,UI/UX Designer
Arts,Design,92.26823704,92.06214504747555,,UI/UX Designer
Engineering,Business,73.6694002,80.17975080704643,,Software Developer
Engineering,"Marketing,Business",89.81931682346851,,86.82971182124969,Software Developer
Engineering,"Coding,Marketing",61.64063190974943,67.73786047,,Backend Developer
Commerce,Coding,83.28673205,86.06502496408808,,Software Developer
Arts,"Finance,Law",89.51637493,83.28909541368435,92.98613834,Software Developer
Commerce,"Design,Design",76.26530549416515,,74.29263536418048,Software Developer
Arts,Healthcare,73.39388849155569,,,Software Developer
Engineering,Coding,75.04321519938193,65.94152341210075,,Backend Developer
Arts,"Data,Business",68.54334844306139,65.77064789153975,,Software Developer
Engineering,Coding,96.77742796889217,,,Backend Developer
Science,"Coding,Business",90.11636133158854,90.76398790571817,99.53504168,Software Developer
Engineering,"Data,Finance",92.80747726946791,88.52037458041896,98.84965368042552,Data Scientist
Science,"Finance,Design",78.8615331,86.32726768983487,,Software Developer
Engineering,Data,74.02417902379787,,,Data Scientist
Engineering,"Design,Data",61.098057502889375,65.44873144,70.89560630099882,Software Developer
Science,Marketing,81.10314925728682,80.40036685813051,90.08392690463248,Software Developer
Arts,Marketing,83.72132824269063,,77.18639563890476,Content Strategist
Engineering,"Marketing,Design",76.61966900809645,,87.01895409085839,Software Developer
Science,"AI,Business",65.21283731331457,69.12354294835706,64.35368109364693,AI Researcher
Commerce,Healthcare,65.77666680250955,,67.71935139497225,Software Developer
Engineering,AI,96.30558921390161,,,ML Engineer
Science,Coding,91.29150114366041,,89.49599864,Software Developer
Engineering,Coding,87.52268285524381,90.89664275410371,96.60148488438972,Backend Developer
Commerce,Business,72.99044192,70.17697235724016,,Business Analyst
Commerce,"Law,Finance",86.73311295744759,,95.17967910801627,Software Developer
Arts,"Law,Data",85.22062918,85.20858964259817,,Lawyer
Commerce,"Coding,Business",72.42839421583463,68.36541413576168,79.32902573,Software Developer
Engineering,AI,83.17997229419454,,,ML Engineer
Commerce,"Coding,Healthcare",65.40632472002852,,,Software Developer
Commerce,"Marketing,Data",61.60815475157033,59.089535855364645,,Software Developer
Arts,"AI,AI",67.16942139376671,,65.60054785463791,Software Developer
Engineering,Healthcare,97.74591033580104,97.15055729,97.36367528253713,Software Developer
Arts,"AI,Design",57.62973231617077,,,Software Developer
Engineering,Data,89.39065446529807,86.91692469731746,,Data Scientist
Arts,"Data,Coding",75.52882519425886,65.27057910790269,63.92959309748164,Software Developer
Arts,"Finance,Healthcare",62.937064454579996,,,Software Developer
Commerce,Data,74.97098953522624,76.22827367967734,78.01352384785832,Software Developer
Commerce,Data,78.64288951193649,72.08026745384652,,Software Developer
Engineering,Marketing,80.45320627,,68.85514758177068,Software Developer
Engineering,"Healthcare,Data",84.65731646550425,87.00467815,,Software Developer
Arts,"Finance,Coding",73.58528168604899,77.96877152236748,73.49643392392919,Software Developer
Arts,AI,98.07549133,91.97717215067007,,Software Developer
Engineering,Coding,71.65403371025869,81.17576556031364,76.54593912925516,Backend Developer
Engineering,"Law,Business",69.24918535119264,61.100672916225754,,Software Developer
Arts,Data,68.25980816023221,,,Software Developer
Commerce,Marketing,78.22103767594669,80.58234758772191,,Software Developer
Engineering,"Design,Law",74.70287857227602,,77.38458492476543,Software Developer
Commerce,Marketing,88.66660002241291,86.71733171286297,91.28747496,Software Developer
Engineering,"Design,Data",73.95011124,,,Software Developer
Engineering,Marketing,98.76268738006928,94.36700923121938,94.93447111167997,Software Developer
Commerce,Data,90.37142240619875,,100.26536006247088,Software Developer
Commerce,"Healthcare,Data",67.66441651089809,,,Software Developer
Commerce,Coding,94.64534008680808,,,Software Developer
Commerce,"Design,Coding",78.94963603975582,74.90524065689529,,Software Developer
Engineering,"Law,Design",91.43386473925263,92.19939637,88.45250915,Software Developer
Engineering,"Coding,Law",60.09467770941229,66.69206215569288,,Backend Developer
Science,Business,80.99246541515892,78.83161387,,Software Developer
Arts,"Marketing,Data",86.82279117,,77.21295366106065,Content Strategist
Engineering,Marketing,71.06495336,72.79282403737761,65.08842765253908,Software Developer
Commerce,"Business,Marketing",84.90556852049689,,,Business Analyst
Engineering,"AI,Marketing",77.62791725,67.81791586319301,68.81552708,ML Engineer
Arts,"Marketing,Coding",78.93979481161169,72.33800614992724,,Content Strategist
Commerce,"Law,AI",59.68251425693797,,66.24998510327005,Software Developer
Commerce,Healthcare,88.01388512074668,88.45221810407911,,Software Developer
Science,Data,63.20734555067952,60.21551613173765,,Data Scientist
Commerce,"Design,Healthcare",64.34632841,,,Software Developer
Arts,"Coding,Coding",82.92127374199042,92.15703583268977,92.54920541484528,Software Developer
Science,AI,69.73063754,,63.58386105080367,AI Researcher
Science,Finance,81.58359172166536,90.57721629860337,75.04932669417794,Software Developer
Arts,AI,61.118895762463275,71.89162767825079,,Software Developer
Commerce,"Coding,Design",72.04046468149686,67.41111832650628,72.28280452,Software Developer
Engineering,Business,85.58944709,87.05001363024078,81.35918135688257,Software Developer
Engineering,Data,81.22134339554997,76.99554176,,Data Scientist
Engineering,"Finance,Marketing",90.93597939719527,90.47656154,88.72733213119895,Software Developer
Commerce,Law,93.98872299,95.11300433441434,,Software Developer
Arts,"Coding,Business",91.94539131125855,93.90115755102147,86.85698697135774,Software Developer
Arts,"Data,Healthcare",73.72636071911504,78.39761945672666,72.84608168525344,Software Developer
Arts,"Coding,Business",62.032008330431594,68.14609605674445,,Software Developer
Science,Coding,90.69205483,83.55335671,92.96582010884694,Software Developer
Science,Finance,84.59389841499025,,,Software Developer
Arts,"Marketing,Finance",84.18998196425994,81.19680622,84.45542293,Content Strategist
Science,Healthcare,70.51089679430662,,,Doctor
Arts,Law,69.38106745500498,65.88451312386938,80.82856513643776,Lawyer
Commerce,"Healthcare,Law",70.77006060720495,,72.23302381759305,Software Developer
Arts,Healthcare,84.89764613744904,87.42321184407378,,Software Developer
Arts,Data,64.69433296571539,,66.65154554428483,Software Developer
Science,"Design,Healthcare",61.11200115779552,61.115582790673436,,Software Developer
Science,Finance,69.79747532596365,64.65420269879733,,Software Developer
Science,Finance,65.69752910835042,,69.11762683589974,Software Developer
Science,"Design,Design",80.18146699647681,70.82835309156593,73.92708758,Software Developer
Engineering,Data,66.16048251536368,,55.818656203539355,Data Scientist
Engineering,"Marketing,AI",79.32914918770788,88.62876039802879,91.48716075929846,Software Developer
Commerce,"Healthcare,Coding",81.39184955538369,91.12819065399974,92.65329682684411,Software Developer
Commerce,"Finance,Law",59.80922945139156,56.67311249030402,,Finance Analyst
Arts,"AI,Healthcare",59.69664290546274,,62.142810359459595,Software Developer
Arts,Law,92.33946486374168,88.21182104,,Lawyer
Science,"Healthcare,Data",85.16281037374019,,,Doctor
Engineering,"Coding,AI",74.46540381303579,,,Backend Developer
Commerce,Finance,89.03405994124452,88.23663715,,Finance Analyst
Science,"Coding,Healthcare",78.44525297001059,83.54938891098239,,Software Developer
Engineering,Business,80.53971384336943,81.44216814203885,,Software Developer
Arts,Marketing,89.39031213877348,91.13655308081363,,Content Strategist
Science,Business,94.78551859851751,93.38235756007602,100.85983071630534,Software Developer
Science,"Coding,Design",67.31078596168183,,,Software Developer
Arts,Design,90.66705524604613,85.33620892955201,,UI/UX Designer
Science,Business,91.36787071897643,,,Software Developer
Arts,"Data,Business",74.20629240267169,,87.94541087642169,Software Developer
Arts,"Finance,AI",88.67559305054483,,76.46259248911166,Software Developer
Commerce,"Business,Design",68.96423728237463,68.35788461964148,66.82526006300759,Business Analyst
Engineering,"Finance,Design",87.31871311108787,83.10912265503198,79.81115739603867,Software Developer
Commerce,Marketing,80.60520089234458,85.36484625,80.72577291973556,Software Developer
Engineering,Finance,81.68666202421113,,,Software Developer
Science,"Business,Law",95.51962457406968,93.26196710131384,94.30930877322365,Software Developer
Engineering,Data,90.23316470732598,,88.44817457,Data Scientist
Arts,AI,77.04741942144584,79.63377954174472,,Software Developer
Engineering,"Design,Healthcare",83.90565154902711,83.92829797425271,,Software Developer
Commerce,"Design,Law",82.87173795634382,,,Software Developer
Arts,Design,85.64450806522481,80.90462527460126,,UI/UX Designer
Commerce,"Data,AI",62.22333287675745,69.03706138230984,54.18169094706272,Software Developer
Arts,Business,77.37645149990138,,,Software Developer
Engineering,Finance,76.87636693003952,76.08992619539153,68.97387688,Software Developer
Science,Finance,85.37970791261742,87.22026513755252,,Software Developer
Commerce,"Marketing,Marketing",66.17794161441654,62.98416490471314,57.06589209,Software Developer
Arts,Data,58.320235414263756,68.85907332112373,,Software Developer
Science,Coding,69.58340758542018,61.33863108259354,,Software Developer
Commerce,"Healthcare,Marketing",62.659623605358156,62.63095079194602,,Software Developer
Engineering,Business,82.78133341683727,78.02521317152716,81.15736410448457,Software Developer
Commerce,AI,85.34094851182049,94.20892490842166,91.55375239,Software Developer
Arts,Coding,79.12856833213826,70.19469273368318,75.56632139,Software Developer
Science,"Business,Data",65.49284638,69.78861037328126,,Software Developer
Commerce,Marketing,71.73693190218634,73.78508359723835,68.84510295578197,Software Developer
Arts,"Coding,Coding",85.06991668,,,Software Developer
Commerce,Marketing,75.68334399,,78.96006787,Software Developer
Engineering,"Law,Healthcare",57.052378340372805,,59.011250736986746,Software Developer
Science,"Marketing,Data",70.03607922164414,73.39098986900672,,Software Developer
Engineering,Finance,63.49561603,61.69707292583339,,Software Developer
Science,"Coding,Finance",95.15556677,95.12709937493648,95.98416359997253,Software Developer
Arts,"AI,Healthcare",79.97486281,,82.24049473741786,Software Developer
Commerce,"Law,Business",71.50292256412386,76.75424450663945,,Software Developer
Science,Law,67.27776265418069,60.30226018541097,59.69535457544519,Software Developer
Science,Coding,92.61086184043185,,102.19968488033258,Software Developer
Science,"Marketing,Healthcare",79.05089488,,,Software Developer
Engineering,"Coding,Law",63.288957377784854,65.73223287999443,71.26433547124958,Backend Developer
Engineering,"Finance,Design",61.27432505926723,59.81815209255897,,Software Developer
Science,Law,61.99354886668487,,58.81369976870124,Software Developer
Engineering,Coding,61.02511009609503,,,Backend Developer
Science,Data,91.75070626379258,86.82755159227949,,Data Scientist
Arts,Law,68.09589222627751,71.01154376853188,60.97272310223198,Lawyer
Engineering,Design,84.42792050556798,85.82314694450142,,Software Developer
Arts,"Data,AI",65.80742043207997,70.70490770759095,59.26091574241192,Software Developer
Science,"Design,AI",87.37090013274286,86.56681711661146,,Software Developer
Arts,"Marketing,AI",95.66266348,97.63409289005102,101.46380186237693,Content Strategist
Science,"AI,Healthcare",86.04840518593309,,90.89635701144311,AI Researcher
Science,"Design,Marketing",61.32081450257188,69.61160013548891,,Software Developer
Science,"Business,Finance",90.39646517437767,89.09583047279446,104.26136706678696,Software Developer
Commerce,Data,94.02463598878839,90.25340616,84.44823668490075,Software Developer
Science,"Data,Healthcare",80.41322062317998,,80.05072150795762,Data Scientist
Arts,"Design,AI",73.70209489,76.12100258001523,,UI/UX Designer
Engineering,"AI,Coding",70.65658852703713,69.91797223807832,67.23565694995719,ML Engineer
Engineering,Data,70.15091930733465,64.56327934244194,,Data Scientist
Engineering,"Design,Law",69.43438168984623,61.43688885560498,,Software Developer
Engineering,"Healthcare,AI",90.75151046414787,,82.48933180427474,Software Developer
Commerce,"Law,Law",77.48779562958241,71.34305361,84.08923721172357,Software Developer
Arts,"Data,Business",71.07067895,78.78561170576072,,Software Developer
Commerce,Marketing,58.397972556250664,61.02430922,,Software Developer
Commerce,Law,61.047090912844276,64.34629160552562,,Software Developer
Engineering,Design,86.13946675033814,92.67887389628993,,Software Developer
Science,Law,73.63214779805985,,,Software Developer
Science,Coding,72.46944271184215,75.03927324333107,,Software Developer
Commerce,Marketing,61.92130399817971,56.32515469,61.074500092340486,Software Developer
Commerce,"Finance,Design",78.59836461434915,69.95542511721655,,Finance Analyst
Arts,"Finance,AI",68.04707138161388,69.97965122679068,59.67531006472468,Software Developer
Engineering,"Business,Healthcare",77.43083731378827,,,Software Developer
Commerce,Data,92.58094707161705,87.23353893124482,102.76453822839481,Software Developer
Arts,"Coding,Finance",72.33825378239234,70.83364139154243,,Software Developer
Science,Coding,67.17528163,65.77979706295046,64.94798833218725,Software Developer
Engineering,"Healthcare,Data",84.08459613803826,81.0502261,,Software Developer
Science,"Healthcare,Healthcare",77.86942700450291,83.54470495033712,,Doctor
Commerce,"Healthcare,Design",67.29727601286382,74.32175081434481,,Software Developer
Science,Data,78.87317816239205,,83.5889384,Data Scientist
Engineering,"Business,Healthcare",79.63942720867983,75.22480588563405,,Software Developer
Arts,Finance,75.75555292633989,70.98892352781202,78.27556271170448,Software Developer
Science,"AI,Marketing",58.63138722653824,64.97911053386653,,AI Researcher
Arts,AI,88.69752315929077,,,Software Developer
Commerce,"Marketing,Design",72.86273375,69.24079675,,Software Developer
Science,"Data,Data",69.35377823594341,70.97018357,,Data Scientist
Engineering,"Data,Marketing",77.09770949305958,,78.63284550231958,Data Scientist
Science,Finance,73.67177843,82.88149574292805,87.18973446180948,Software Developer
Science,Healthcare,96.95352650062205,,89.50333397754224,Doctor
Commerce,Design,81.91643959017503,71.39814827670577,,Software Developer
Arts,Business,77.85854168524304,74.57019953959143,74.26572567084716,Software Developer
Engineering,Coding,91.68722756129145,91.8295513,,Backend Developer
Engineering,Design,61.81310429570094,69.55392670826222,,Software Developer
Arts,"Design,Law",78.05634020770817,77.30072387445333,86.65911418119022,UI/UX Designer
Arts,"AI,AI",73.57514433278884,69.74411595588421,81.63915760467445,Software Developer
Arts,"Finance,Marketing",63.59251845743138,68.80422712623385,69.88694757087443,Software Developer
Science,Healthcare,59.27517343068863,,,Doctor
Science,Coding,82.96989450141987,85.95936489361387,86.91903204584808,Software Developer
Science,Business,69.91984273933564,,63.550662042305376,Software Developer
Commerce,AI,59.819302796472506,59.106591273314216,62.405338776127365,Software Developer
Science,"Data,Healthcare",93.74741192982074,,,Data Scientist
Arts,"Law,Finance",63.68758359967477,73.89609034415284,,Lawyer
Engineering,Business,96.66007266124483,94.77332274130006,90.92707064807477,Software Developer
Science,Marketing,77.66118415,83.00830408764095,86.50385684238323,Software Developer
Commerce,Marketing,71.77655491331879,60.85358900730642,,Software Developer
Commerce,Finance,66.66368983291329,70.36640633122025,,Finance Analyst
Engineering,AI,94.97684984075052,86.84119366554357,,ML Engineer
Engineering,"Coding,Coding",69.23222234710703,66.61061115,,Backend Developer
Engineering,Healthcare,86.69211679352782,82.27528924370546,,Software Developer
Arts,"Healthcare,Marketing",86.86669667227021,,91.59971903087016,Software Developer
Arts,"Design,Marketing",89.39762522939938,90.73007596918913,,UI/UX Designer
Arts,"AI,Data",75.65608475245314,78.15568303424725,,Software Developer
Engineering,"Marketing,AI",96.92264495341561,88.76229669479099,,Software Developer
Commerce,"Marketing,Finance",81.31433128136288,83.80920708714635,,Software Developer
Engineering,"Design,Data",75.76303758992972,,,Software Developer
Science,Finance,86.38830448137715,75.63853299837884,,Software Developer
Science,Finance,91.96150167121142,89.00235994,,Software Developer
Science,"Law,AI",74.61788933921773,,74.58597962587302,Software Developer
Science,Healthcare,76.73567990429179,74.74258246538487,,Doctor
Arts,"Healthcare,Marketing",89.96593368641678,88.80283321756538,98.52958773260613,Software Developer
Science,Data,79.06861975731891,72.65261847292398,66.39901544140119,Data Scientist
Commerce,"Healthcare,Coding",64.59083936569616,,,Software Developer
Arts,Marketing,74.51530794857914,,77.53918934059051,Content Strategist
Arts,"AI,Law",75.96064759016456,68.94145104827234,,Software Developer
Engineering,Data,76.61393375083485,68.55822489,,Data Scientist
Commerce,"Design,Business",66.71732643758084,61.68965528,55.78095897877341,Software Developer
Commerce,"Data,Marketing",77.59909314949502,84.79646499262337,81.24488754875638,Software Developer
Engineering,AI,77.18113444885492,71.33136637216668,79.03715867,ML Engineer
Commerce,Business,71.03855339063693,70.62346530247987,69.21806060162044,Business Analyst
Science,AI,75.92273134,,76.24157783611378,AI Researcher
Engineering,"Coding,AI",80.09901272,83.0236362,87.45621198,Backend Developer
Arts,"Marketing,Finance",60.19802452416934,,70.51359732360197,Content Strategist
Engineering,"Coding,Design",74.77716958778946,,,Backend Developer
Engineering,"Design,Data",68.42820319924651,67.38893357395351,65.16496094,Software Developer
Engineering,Marketing,81.42104624821835,,,Software Developer
Science,AI,59.85360539114656,63.808442998043716,66.94137137393538,AI Researcher
Arts,"Marketing,Finance",83.12345035886031,90.89666555238719,,Content Strategist
Commerce,Data,91.80052007202734,94.15249087,,Software Developer
Commerce,AI,88.38660170895596,81.41473377763327,,Software Developer
Arts,"AI,AI",92.27114078490776,87.70856455137351,,Software Developer
Arts,Law,68.80093618022936,66.48892865339617,67.21816350230884,Lawyer
Commerce,Business,92.18121797,87.78967230948035,83.85362020335278,Business Analyst
Science,"Design,Coding",68.09973454898173,74.92793202607066,74.23709370788328,Software Developer
Engineering,"Finance,Design",66.72213520395522,,,Software Developer
Arts,"AI,Data",89.03106129,91.79783994230199,93.36320183036688,Software Developer
Engineering,AI,95.89725774688591,90.26688469964654,,ML Engineer
Arts,Marketing,79.19798535985205,76.34620186822973,86.36732032521424,Content Strategist
Science,AI,88.69840398401048,90.24015612465314,82.73306678500208,AI Researcher
Arts,"Healthcare,Business",79.70647821,76.29928930140974,91.64294182168034,Software Developer
Engineering,"Design,Business",79.15025980287533,,,Software Developer
Engineering,AI,90.94679032580311,,94.94584368733777,ML Engineer
Engineering,Business,73.82402999649314,80.48672981193556,,Software Developer
Engineering,"Data,Coding",86.26082540597966,97.22344740229325,92.43448448179728,Data Scientist
Commerce,Business,84.85520503664286,94.15852353482202,,Business Analyst
Arts,AI,67.35999860406638,72.40993137331137,80.48207589,Software Developer
Arts,"AI,Marketing",66.54487741893944,59.223107685428396,,Software Developer
Science,"AI,Data",94.71883800690624,,,AI Researcher
Commerce,Data,67.50981890906607,71.10875573687954,,Software Developer
Science,Coding,57.58251919996516,62.934320424949036,55.421222617313056,Software Developer
Science,"Marketing,Design",68.13147629587743,71.24917323527522,74.05606703,Software Developer
Commerce,"Healthcare,Healthcare",84.75969978223321,84.32152557940938,94.99629579621677,Software Developer
Commerce,Finance,77.75340958,67.34451224432223,70.09107025471263,Finance Analyst
Arts,"Design,Design",74.20844804844192,72.78120562274259,,UI/UX Designer
Engineering,"Coding,Design",72.82461069,75.05086270961338,,Backend Developer
Commerce,Coding,66.23330127938374,69.09543794744762,,Software Developer
Science,"Healthcare,Data",61.86051116418383,,63.21000315574746,Doctor
Science,"Law,Healthcare",74.73959018377533,74.54463039650392,82.83519888799815,Software Developer
Commerce,Data,87.68538739774954,88.54433574756825,82.08395257711929,Software Developer
Commerce,"Business,Business",60.76477795616432,,60.88542112153901,Business Analyst
Commerce,"Healthcare,Finance",78.67089665,80.58806196380343,,Software Developer
Commerce,Design,89.55735885879064,90.25657781,90.18105442615963,Software Developer
Commerce,"Finance,Healthcare",91.13516666971525,,,Finance Analyst
Engineering,"Business,Coding",71.96700334,64.03571955725877,62.37869808,Software Developer
Engineering,"Healthcare,Design",74.53264578797125,77.29894635,,Software Developer
Science,"Coding,AI",71.29211633902125,,,Software Developer
Arts,"Marketing,Marketing",89.60162494411902,92.23645318856796,,Content Strategist
Arts,"Law,Data",86.32690617219717,81.78210762057506,,Lawyer
Commerce,Healthcare,64.22873734748056,62.850265070623216,,Software Developer
Engineering,"Coding,Data",83.75399394,83.38532226722994,,Backend Developer
Science,"Law,Finance",62.41579304137313,59.47901792203394,,Software Developer
Commerce,"Marketing,AI",75.91231458543858,72.65329654466245,,Software Developer
Science,"Data,Data",93.62086526541415,,87.37429221,Data Scientist
Science,Design,95.96477664927879,92.00084074890192,,Software Developer
Science,"Marketing,AI",86.12468262614095,92.99293418953289,,Software Developer
Commerce,Data,85.51981542,91.18155354009832,94.13996343440384,Software Developer
Engineering,"Law,Marketing",89.46788946481979,90.74375286279631,96.14986496,Software Developer
Science,"Finance,Coding",95.31791426,84.43039129445327,87.72313446803858,Software Developer
Arts,"AI,AI",66.22817714638065,58.99133900683627,63.47167577641275,Software Developer
Engineering,Design,82.20996056778188,,84.09199316735209,Software Developer
Arts,Marketing,70.27771078577105,75.32357650281463,,Content Strategist
Arts,AI,88.03444337909058,88.25545872161932,86.67207945,Software Developer
Engineering,Business,93.29492450740602,,,Software Developer
Engineering,Finance,94.73605246266277,95.43295059975189,,Software Developer
Science,"Finance,Coding",57.58857984485604,66.36580574509313,69.32230394605575,Software Developer
Commerce,"AI,Business",74.57112139398836,,,Software Developer
Arts,"Design,Data",74.69196982653843,,73.13331960310214,UI/UX Designer
Engineering,Marketing,83.16026631379307,,80.61372932786617,Software Developer
Engineering,"Data,Business",61.05475379,68.12522124225723,,Data Scientist
Commerce,Marketing,89.57592259562642,,85.63283862627873,Software Developer
Commerce,"Healthcare,Law",60.341577371689084,67.58272872059786,,Software Developer
Engineering,"Business,Design",89.70058139191987,86.24534262600834,91.41828494079695,Software Developer
Engineering,"Business,Law",86.44480449374828,94.49017744,80.43257984164846,Software Developer
Engineering,"Marketing,Design",66.27319384642715,64.45129733250977,55.42379023,Software Developer
Commerce,Data,68.78953136688783,,73.69867342133003,Software Developer
Commerce,Design,95.03906770589639,88.08644967336201,,Software Developer
Commerce,"Data,Coding",76.40467585480518,,74.45742906816135,Software Developer
Arts,Law,82.14813608737495,,,Lawyer
Science,"AI,Law",62.08576388269502,67.12978570734491,58.32069320073298,AI Researcher
Engineering,Business,63.66907140330177,,,Software Developer
Commerce,"Data,Healthcare",85.13798421,84.69446415023396,93.87591278574496,Software Developer
Arts,AI,73.35909607536233,83.56646148609512,73.85535729,Software Developer
Commerce,"Data,AI",95.27757620898196,,,Software Developer
Engineering,Coding,91.52507219905429,,,Backend Developer
Engineering,Coding,63.004877047938336,,,Backend Developer
Arts,Data,91.02778963450264,86.31902610373837,91.30303976591108,Software Developer
Commerce,"AI,Healthcare",83.92811768154388,83.18869730277179,89.69242947077643,Software Developer
Engineering,Finance,82.30881027088633,83.25395237642884,,Software Developer
Arts,Design,82.64415748797671,77.50486093671277,91.06521855866093,UI/UX Designer
Commerce,Design,67.70927302309654,65.31040154369747,58.16981595868481,Software Developer
Science,Healthcare,72.43158032742994,75.31598316,67.63114713,Doctor
Science,Healthcare,84.95843326114205,,92.79774898333717,Doctor
Commerce,Law,64.41517394360756,61.56446264619758,61.53702918062574,Software Developer
Science,"Data,Coding",75.34552217550852,80.20127319264402,,Data Scientist
Science,Business,73.35288072,79.14729098,70.74601386726351,Software Developer
Commerce,"AI,Data",57.574939904088524,54.89782895974506,54.76174701,Software Developer
Science,"Data,Law",75.93938109,66.56985131,73.70468839218441,Data Scientist
Arts,"Law,Law",64.74857249,71.76994706977423,61.40666441379632,Lawyer
Commerce,Coding,65.77267907863035,,,Software Developer
Science,"Coding,Law",86.69647626812088,,,Software Developer
Science,AI,68.93598524860487,69.83232614721209,,AI Researcher
Science,"Finance,Business",71.12439827119651,76.53309564891418,,Software Developer
Science,"Design,Law",76.14670876158664,,82.98436368050612,Software Developer
Commerce,"AI,Finance",65.98328791834025,69.38716769811589,,Software Developer
Engineering,"Healthcare,Law",74.61205159756472,,86.05488001,Software Developer
Science,Healthcare,62.96749014451463,71.30677681900055,64.37465478867009,Doctor
Arts,Healthcare,87.36209342565566,87.21073428245796,,Software Developer
Arts,"Data,Coding",94.78820450391402,86.00019688590719,,Software Developer
Science,AI,74.01215071082389,72.04862926822747,,AI Researcher
Commerce,Business,88.26592729219689,,86.02298217914449,Business Analyst
Arts,Finance,90.12699905818384,91.16618129048273,,Software Developer
Engineering,AI,82.42943501021847,81.53954865469282,82.10325678067464,ML Engineer
Science,"AI,Healthcare",65.69417908543375,58.26653078612453,,AI Researcher
Commerce,Law,69.83610523405999,76.34174553757055,,Software Developer
Engineering,"Marketing,Coding",86.31352193998451,81.17978165241942,,Software Developer
Arts,Finance,66.73984789813281,65.89506277325331,73.80756760169636,Software Developer
Engineering,AI,86.59001288,88.24973546910617,92.19202809630305,ML Engineer
Science,Data,65.03513518556919,,,Data Scientist
Arts,Marketing,71.46658554918261,,69.94041739700054,Content Strategist
Science,"Design,Healthcare",79.98049508736644,80.81436673955473,71.25519799588862,Software Developer
Engineering,Coding,92.20528307559955,91.07211709210709,,Backend Developer
Science,Design,95.09795268172108,88.09477589,,Software Developer
Arts,Healthcare,88.46015108429708,89.57896093924852,,Software Developer
Engineering,"Law,Marketing",92.50361876967253,,,Software Developer
Engineering,Finance,95.65777019208797,93.61252084883722,82.78272026692166,Software Developer
Science,Business,75.39405271791429,,,Software Developer
Science,"AI,Marketing",84.33829372599727,90.34495153579915,,AI Researcher
Commerce,Data,89.97163480000434,89.95250570344018,90.12996704309408,Software Developer
Arts,Design,97.09499547048537,93.64082771535334,,UI/UX Designer
Commerce,Healthcare,68.09587720904376,69.65568298104546,56.98738632514805,Software Developer
Arts,Design,92.59693024858679,98.87950441319548,89.77645164941836,UI/UX Designer
Science,"Law,Design",98.41487719594353,,,Software Developer
Arts,Law,77.91172117923959,,84.0723302,Lawyer
Arts,"Data,Healthcare",85.29860967784714,91.70364527570821,,Software Developer
Engineering,Marketing,81.87375557753664,79.87028088508801,,Software Developer
Arts,Coding,76.81913164630534,,,Software Developer
Arts,"AI,Data",87.90670395058386,85.80628787032278,,Software Developer
Commerce,Data,67.38492320733677,66.91959223657094,76.36463733534592,Software Developer
Science,Healthcare,65.10191044,64.1994533,72.45091637878326,Doctor
Arts,Marketing,65.25575710027694,58.20078008307931,,Content Strategist
Science,"Healthcare,Data",87.76297666,,90.14835014320798,Doctor
Science,Law,89.15097511795466,,,Software Developer
Arts,Finance,68.91770040383106,72.85527729064584,,Software Developer
Arts,Law,66.91334557787157,60.155451454699254,,Lawyer
Arts,Healthcare,63.41190414724806,69.64806757564912,75.59336345197943,Software Developer
Science,"Finance,Coding",66.90558458,69.61583856951434,,Software Developer
Arts,Business,65.08963651148565,,60.18776679307797,Software Developer
Arts,Business,70.87463825495857,65.97437931425247,,Software Developer
Engineering,Coding,92.37351568944166,84.07812798783381,100.2755579031273,Backend Developer
Commerce,"Design,Design",68.46262638318557,73.20078273518044,,Software Developer
Science,AI,82.50200306081791,77.35618211075821,,AI Researcher
Science,Data,93.13680507387127,84.63199849446026,,Data Scientist
Commerce,Coding,80.71472079763147,,,Software Developer
Engineering,Coding,63.59623560689441,65.51220037181751,64.00912351630367,Backend Developer
Science,Marketing,69.10793716125806,,,Software Developer
Engineering,"Finance,Healthcare",85.45289581591241,75.43746797298606,,Software Developer
Science,"Marketing,Business",75.46468700372955,80.27804109547006,,Software Developer
Science,"Finance,AI",79.31797364644069,,,Software Developer
Commerce,"Coding,Coding",71.94916897944485,71.22506323,70.19233448799241,Software Developer
Commerce,Finance,73.55374577790849,81.46563114316626,,Finance Analyst
Engineering,"Business,Marketing",65.50570159917112,,67.86469311,Software Developer
Commerce,AI,76.32863864,72.95793639347006,68.65685579729971,Software Developer
Commerce,"Marketing,Coding",83.43959746584777,88.66162322155789,,Software Developer
Commerce,"Coding,Healthcare",61.50534492697091,,,Software Developer
Engineering,"Marketing,Business",81.52160634367944,87.92289114885102,87.50538526926516,Software Developer
Science,"Design,Finance",90.69011528449532,88.26077565790348,80.14245819,Software Developer
Science,Healthcare,92.78755669861964,,,Doctor
Commerce,"Healthcare,Finance",94.05315339665988,100.28249338247734,,Software Developer
Science,Coding,66.74969020682475,,70.18989762091368,Software Developer
Engineering,Business,66.45717577950509,,68.97933980285424,Software Developer
Commerce,"Business,Healthcare",80.34078949049604,82.00427897968773,79.06621481982926,Business Analyst
Engineering,Healthcare,97.54036544560492,95.79658534560738,,Software Developer
Engineering,"Business,Marketing",62.29080684322112,63.47621382937734,,Software Developer
Engineering,Finance,86.20017521423934,,88.59763271765848,Software Developer
Commerce,"Law,Healthcare",88.94983269771254,,,Software Developer
Science,"Finance,Coding",81.73327040624515,,71.38200256714978,Software Developer
Commerce,Coding,93.92573559,89.61432703582501,,Software Developer
Engineering,"Data,Law",77.14035067828034,78.69443307536837,,Data Scientist
Engineering,AI,79.25929352605607,75.23967163136989,81.45519338056855,ML Engineer
Commerce,Finance,80.79619996,78.11241206048688,76.17126609127011,Finance Analyst
Arts,Business,91.74808593444021,87.29869682318635,,Software Developer
Commerce,Coding,63.1401252,67.06852396113399,72.02209426793429,Software Developer
Science,"Design,Design",85.30423285199852,85.3691662,78.23947292988132,Software Developer
Engineering,Coding,57.739277730859136,58.87603282080268,,Backend Developer
Science,Business,67.25182928939064,,69.99049702826353,Software Developer
Engineering,"AI,Coding",70.01872162561935,,65.10343654363028,ML Engineer
Science,"Finance,Coding",65.18594631406896,64.34020447413312,61.469837976222806,Software Developer
Arts,"Business,Finance",67.32002929737185,66.93576309260443,,Software Developer
Arts,Data,66.88836673597957,67.87273793686198,,Software Developer
Engineering,Design,69.49010679170895,,69.11169641945493,Software Developer
Engineering,Design,96.92708889,95.25008806801658,92.52753561,Software Developer
Science,Data,87.76772011394094,,73.92646578,Data Scientist
Arts,Business,64.47389743298392,57.46587900181367,52.177523954876406,Software Developer
Engineering,Marketing,92.26995731939705,,,Software Developer
Science,"Marketing,Business",87.37236026119888,,,Software Developer
Science,"Business,AI",64.44870878693365,,61.509039997927516,Software Developer
Engineering,Data,84.17988834848526,83.33825770892324,,Data Scientist
Science,Data,87.68934884556754,93.29923571,89.98796592379455,Data Scientist
Arts,Marketing,81.26323440250347,90.88344289652231,,Content Strategist
Commerce,Law,75.98828517574468,76.73397422446334,89.93592477264929,Software Developer
Arts,"Law,Healthcare",74.29033626348554,79.53013186647951,68.28375471384129,Lawyer
Science,Law,89.82944263085659,,,Software Developer
Science,AI,94.33628142427091,90.21951808101916,,AI Researcher
Arts,Business,98.70648938581182,96.58770178057937,93.87246852605736,Software Developer
Arts,"Coding,Healthcare",82.32044976450563,79.60301105023359,88.62759798898458,Software Developer
Science,AI,87.91351804395524,87.64477517435569,81.20583922212847,AI Researcher
Engineering,"Marketing,AI",73.32107557163594,,73.27899695825954,Software Developer
Arts,Finance,76.40715586846488,71.03147007238746,,Software Developer
Engineering,Marketing,64.34778748691063,,65.10529782996478,Software Developer
Arts,"AI,Business",79.67248873060076,85.42756426007044,,Software Developer
Science,Data,88.26901244326726,,81.10084678488765,Data Scientist
Commerce,Marketing,80.40071982,,,Software Developer
Science,"Business,Business",82.24452053,84.85503266060324,,Software Developer
Engineering,"AI,Business",77.13934146237659,78.53255493996473,,ML Engineer
Commerce,"Finance,Finance",69.96334763800243,70.79241204294557,,Finance Analyst
Engineering,Data,92.13915667810801,93.22281943903336,83.15197632561119,Data Scientist
Engineering,Marketing,92.30395406301881,93.71456159398697,101.5182278510414,Software Developer
Arts,"AI,Business",93.82981317102706,88.99921744292494,92.74886202982694,Software Developer
Engineering,Business,78.51072426392625,78.72614746,78.11808006897816,Software Developer
Commerce,"Coding,Marketing",72.80436283289222,,,Software Developer
Commerce,"Finance,Healthcare",79.11901336265512,83.94022890076387,78.17436173827602,Finance Analyst
Engineering,Marketing,69.38128200253988,68.59722054453378,60.32817597869135,Software Developer
Arts,Finance,96.62263634874864,,,Software Developer
Arts,Finance,71.53785746351964,75.78921323268118,,Software Developer
Arts,Business,91.82285936492997,98.03775509198283,,Software Developer
Engineering,Data,59.848359897300924,,,Data Scientist
Engineering,Healthcare,95.33879337735455,93.40423636282759,84.78870272853774,Software Developer
Science,"AI,Coding",89.51391310556438,97.69942191,94.43864474878634,AI Researcher
Engineering,AI,96.53606939951558,91.82968284,86.44685886215083,ML Engineer
Engineering,"Law,Data",76.55532403598724,77.14013323608525,74.71557737174066,Software Developer
Science,"Business,Marketing",72.52969257853204,71.55412098,,Software Developer
Engineering,AI,90.78983215232641,,,ML Engineer
Engineering,"Business,Design",59.52245199366986,,56.990560815205384,Software Developer
Engineering,"Law,Business",79.36866760854046,67.68364461953063,78.16094735222781,Software Developer
Science,"Coding,Marketing",80.44708271383516,78.35151049984499,,Software Developer
Commerce,"Design,Business",65.24307746700954,,73.35986288555443,Software Developer
Engineering,Law,79.01245988909385,85.96097370770684,71.96487265513562,Software Developer
Arts,"Business,Healthcare",90.07647992777778,86.24190953424701,93.34286416479144,Software Developer
Science,"Marketing,AI",61.99972150256005,66.41167663776187,70.07456874715666,Software Developer
Arts,"Design,Finance",79.75550919648879,82.08793515,,UI/UX Designer
Arts,"Data,Coding",75.96957523,64.32410617176807,73.65233323003305,Software Developer
Arts,Business,79.96593334097265,82.65585266362916,82.68118154230501,Software Developer
Commerce,"Data,Coding",63.51209020818671,62.787698038730284,61.39079145186639,Software Developer
Engineering,Business,74.48907118,72.14886837739972,64.14515116525862,Software Developer
Commerce,"Data,Data",79.04006000500272,78.67398357223455,,Software Developer
Engineering,Data,80.02536763820265,81.03524219,81.01551164345284,Data Scientist
Commerce,"Data,Business",82.82520843488015,,,Software Developer
Arts,"Business,Finance",90.44167341245016,,,Software Developer
Commerce,Coding,62.494074872586786,,71.16286106537095,Software Developer
Commerce,AI,92.55973043884316,89.25595928710702,,Software Developer
Engineering,"Data,Design",76.10667676,73.09872490128227,67.82143282,Data Scientist
Commerce,"Coding,Data",91.20028094261761,87.04845873476386,,Software Developer
Engineering,Marketing,72.24324210678532,78.58349104066487,,Software Developer
Commerce,Coding,86.40177838223416,85.55350879374596,,Software Developer
Science,"Coding,AI",80.61545824968906,,,Software Developer
Engineering,Data,63.95060690290609,57.67834832258723,52.07665617406548,Data Scientist
Commerce,"Coding,Healthcare",71.63285281314411,64.87479745767806,69.28965762679746,Software Developer
Engineering,Coding,73.60067784768106,75.03317353008086,64.75029915,Backend Developer
Commerce,Data,86.03199085383054,87.89076414622967,88.99735037,Software Developer
Engineering,"Healthcare,Healthcare",67.14287775261421,,,Software Developer
Commerce,Healthcare,84.60948031860792,77.72809029,,Software Developer
Engineering,Law,88.58579172680666,97.11908338383303,,Software Developer
Commerce,"Marketing,Business",70.19325917116811,69.19583955717873,59.24770391832026,Software Developer
Commerce,"Coding,Marketing",78.05655824178963,88.70729762002125,,Software Developer
Arts,AI,72.08527013,70.39603072369405,,Software Developer
Commerce,Data,79.23383878859488,,73.97595616301912,Software Developer
Arts,Coding,81.98819614021751,81.83775583649552,,Software Developer
Engineering,"Design,Healthcare",83.05523136509609,,78.39700528,Software Developer
Science,"Business,Healthcare",76.53740459820484,69.3453347,67.6436625,Software Developer
Engineering,"Coding,Healthcare",83.92437212,75.93709466570736,,Backend Developer
Engineering,"Data,Business",86.03021461,,,Data Scientist
Arts,"Marketing,Finance",77.01627386613661,,85.31441728165748,Content Strategist
Commerce,"Business,Coding",90.51694397120237,93.43031540387739,,Business Analyst
Science,Marketing,84.28646738063146,79.02432544991743,,Software Developer
Engineering,AI,63.18689031144473,69.44331005491624,,ML Engineer
Engineering,Finance,85.90772927593234,,,Software Developer
Commerce,"Law,Coding",89.80073429585171,100.5593140825907,,Software Developer
Arts,Finance,73.19432022377934,77.24147836519288,81.52642479250784,Software Developer
Engineering,"Finance,Business",78.18978334222808,68.68129755458781,67.24291805887546,Software Developer
Engineering,Healthcare,85.20870763956066,82.73930214838781,78.36126076950909,Software Developer
Engineering,"AI,Data",93.05131026239546,,82.67376822630786,ML Engineer
Commerce,Law,59.72465957774552,58.85616250194168,62.68030843590456,Software Developer
Commerce,"Design,Coding",84.58605318952297,80.55191752207129,89.29481576305454,Software Developer
Engineering,"Law,Data",62.33775151833639,69.24066254215434,72.33134055425185,Software Developer
Arts,"Business,Coding",77.86746326,84.63268385577632,80.18641062930524,Software Developer
Commerce,Finance,75.13875841494871,,79.56364746835149,Finance Analyst
Science,"Healthcare,Marketing",86.37801993844447,94.0717541,97.92639227731436,Doctor
Arts,Marketing,76.14508526981118,,75.59337501,Content Strategist
Engineering,Design,83.59736973769388,85.37679863278755,,Software Developer
Commerce,"Coding,Finance",61.25626842618898,67.73452835807007,,Software Developer
Commerce,"Coding,Marketing",91.34792848853924,95.15986259,,Software Developer
Arts,Finance,78.68628588,68.31629416,82.96069002668543,Software Developer
Commerce,"Law,Design",72.24152906444148,,,Software Developer
Commerce,Coding,74.66116437361713,,73.47357722947314,Software Developer
Science,Marketing,74.93044955167437,,67.44482736709757,Software Developer
Arts,Data,78.10223158814279,70.26141100918063,,Software Developer
Engineering,"Business,Data",91.00202172561448,95.64460489651984,85.22211978417594,Software Developer
Science,Law,77.03196763,78.82804372388584,,Software Developer
Commerce,"Finance,Coding",94.77231914623503,92.02636041503216,,Finance Analyst
Engineering,"Design,Data",80.68032475,83.50524522256453,,Software Developer
Science,"Coding,Coding",66.75957122510513,71.40430989032028,,Software Developer
Science,"Marketing,Law",92.83249103733561,,85.86641265031655,Software Developer
Commerce,"Coding,Design",66.29674499822012,,,Software Developer
Engineering,Coding,87.94121607057451,94.98280156905669,,Backend Developer
Science,"AI,AI",81.16890361,77.42428552740576,81.67905593972354,AI Researcher
Commerce,Coding,57.465410685160045,,,Software Developer
Arts,"Healthcare,Healthcare",79.9215145,,,Software Developer
Science,Coding,61.39760765746702,,71.28580865,Software Developer
Commerce,AI,70.52096772879528,65.43368343139689,71.93831240667684,Software Developer
Science,"Law,Coding",87.53521466,,94.31012061535233,Software Developer
Commerce,Coding,77.84219784450752,,,Software Developer
Arts,"Law,Business",59.95739565114303,67.86075094928785,,Lawyer
Engineering,Design,91.08404887838473,,85.23057447296155,Software Developer
Science,AI,71.85782308591824,65.62590058566423,,AI Researcher
Engineering,Coding,71.50011312153707,,,Backend Developer
Arts,"Coding,Law",65.66551781578606,,,Software Developer
Commerce,"Finance,Healthcare",91.54449863948537,87.49709816728708,,Finance Analyst
Engineering,"Data,Coding",82.64950163836845,,90.95208415671505,Data Scientist
Science,"Business,Data",69.60332522850945,70.67128092273205,,Software Developer
Arts,Design,73.75066536,77.18483296625185,,UI/UX Designer
Commerce,"Coding,Law",89.43896677,,,Software Developer
Engineering,Design,86.01128649290315,82.45882055702621,81.59540109330896,Software Developer
Arts,"Business,Data",78.55048149288457,,,Software Developer
Commerce,"Design,Design",82.99079229962322,86.66346916,,Software Developer
Engineering,Coding,76.25795355867827,,87.72741298047318,Backend Developer
Commerce,"Design,Design",70.92341014,71.36830856323473,,Software Developer
Science,"Marketing,Marketing",60.01912876650117,,,Software Developer
Arts,"Coding,Marketing",85.66419919945069,82.36735137489265,83.76735348847203,Software Developer
Commerce,Law,95.11874036486864,84.72257004,82.85115903,Software Developer
Arts,Business,90.65492434554587,,,Software Developer
Arts,Healthcare,91.95671902038163,80.46659297020955,81.34298956671068,Software Developer
Commerce,"Design,Law",60.73556585703706,63.82119673405432,59.54285647495785,Software Developer
Commerce,"Finance,AI",87.77514301630907,92.74919082545918,94.78608118300201,Finance Analyst
Science,Marketing,95.17581390777616,,,Software Developer
Engineering,"Finance,Law",64.50363123007257,64.10592114640345,78.03626440529828,Software Developer
Science,Design,81.22850604816632,80.22734986432552,,Software Developer
Commerce,"Data,Coding",70.99488836395463,70.32911529691226,,Software Developer
Arts,Finance,88.33357713142175,94.6095374,,Software Developer
Commerce,Data,82.78028030853152,74.12791017741294,82.68011865809186,Software Developer
Commerce,"Data,Data",75.99190492566284,76.66063023392613,68.43115470746571,Software Developer
Engineering,Coding,78.29098327123279,,89.33898445,Backend Developer
Science,Marketing,94.09280660322213,96.22465421219947,,Software Developer
Science,"AI,Business",62.905396039835054,,55.431368534494894,AI Researcher
Arts,"Data,Law",92.16540035370687,91.79575358,,Software Developer
Science,Business,88.06535438217662,78.01709093143701,,Software Developer
Arts,Healthcare,77.56045837216112,,,Software Developer
Science,Coding,75.15697771692099,,,Software Developer
Engineering,Law,93.35164744784336,84.86640959246189,,Software Developer
Arts,"Marketing,Business",64.82974048478498,,67.07503726332261,Content Strategist
Arts,Data,86.21299795873654,88.95409829969796,,Software Developer
Arts,"Data,Coding",63.34562323861655,62.804916806956115,,Software Developer
Commerce,Coding,82.70055308192948,79.83707176007654,81.90333290757114,Software Developer
Commerce,"Business,Finance",81.16782960587545,87.91841985233275,89.03860687361782,Business Analyst
Commerce,"Marketing,Marketing",85.96706059509906,,94.78711558776442,Software Developer
Arts,"Coding,Coding",59.28578785147374,,,Software Developer
Science,"Law,Coding",82.48761393964621,82.01392057314244,80.25611894844275,Software Developer
Arts,"Healthcare,Marketing",79.27442784683087,81.02099643744535,77.72248449949274,Software Developer
Commerce,"Law,Business",58.86746491400545,,,Software Developer
Science,Healthcare,89.73789520964847,,84.94042212248561,Doctor
Engineering,Data,95.29024945184896,,,Data Scientist
Science,"Healthcare,Data",78.86759969852265,78.46232439,78.16165383957247,Doctor
Science,Design,85.17824172,,,Software Developer
Commerce,AI,76.36918740284555,80.87053856680902,,Software Developer
Engineering,"Design,Business",81.73102500913556,74.51066268064925,,Software Developer
Commerce,Healthcare,65.43942574529005,,67.87496941181321,Software Developer
Science,"Law,Healthcare",90.61501052967009,88.67514386952881,100.49190813334972,Software Developer
Commerce,"Healthcare,Law",84.23846600970661,,92.46266779,Software Developer
Arts,"Coding,Law",80.51324784870721,86.82749134738589,80.51382398189766,Software Developer
Science,Design,93.66458297382479,90.73609973821306,,Software Developer
Commerce,Marketing,68.85636744971936,63.40576858159807,,Software Developer
Science,"AI,Design",59.130661230691345,66.89620943,63.26029754886501,AI Researcher
Engineering,Data,89.91504971784656,93.57483075,,Data Scientist
Arts,"Marketing,Marketing",81.31209301491234,81.02971557975556,,Content Strategist
Engineering,"Marketing,Design",87.40235368,84.29762263173215,,Software Developer
Engineering,"Data,Data",89.36874868,89.63761103348806,,Data Scientist
Science,Coding,77.45667421320235,,,Software Developer
Commerce,Coding,85.76837731823574,81.49802189569296,87.34377239139204,Software Developer
Arts,AI,69.70613456382974,,72.73273107318688,Software Developer
Science,"Law,AI",81.39724307102779,80.44339799610131,,Software Developer
Science,"Coding,Healthcare",68.58642296011732,61.11282746236016,63.15374339361497,Software Developer
Science,"Business,AI",82.05303402601146,,80.93702135583817,Software Developer
Arts,Healthcare,79.10699688561272,80.60825981245685,81.96022852084906,Software Developer
Science,"Law,AI",82.43096720068627,89.38783938691992,,Software Developer
Arts,Design,59.522235921931106,58.836745214877254,,UI/UX Designer
Engineering,"AI,Coding",56.507751031382384,,63.81996473987486,ML Engineer
Commerce,Law,63.979828171220966,65.07878102456979,,Software Developer
Commerce,"AI,Healthcare",85.86592383418152,84.07720647738225,89.55943525299877,Software Developer
Commerce,Marketing,68.10135646123177,64.23151139388563,,Software Developer
Science,Law,94.91668568535883,94.99563651,103.35506910912403,Software Developer
Science,Design,74.60471478845618,,85.73822498257292,Software Developer
Arts,Data,64.90727153136461,,,Software Developer
Science,"Coding,Business",65.38710622790072,72.12633840220641,63.696798054048074,Software Developer
Science,Business,75.62816040484786,69.55115258754815,,Software Developer
Engineering,Coding,80.40857232061508,,,Backend Developer
Engineering,Business,59.276920349242424,62.43737535938262,,Software Developer
Commerce,"Data,Healthcare",65.55899051556548,70.53199393192742,,Software Developer
Arts,"Business,Design",86.90491592400062,,,Software Developer
Engineering,Marketing,85.16685787,,,Software Developer
Science,"Finance,Marketing",57.829673769630055,68.09794416766992,71.10722760639263,Software Developer
Engineering,Law,91.09666748,91.92680707308969,,Software Developer
Arts,"Coding,Healthcare",88.53182415320589,85.26110763597579,,Software Developer
Arts,Data,64.75454669909493,68.47898947,,Software Developer
Commerce,"Finance,Finance",90.11275854455114,,,Finance Analyst
Science,AI,83.67921390409974,81.86510942,87.81936375122102,AI Researcher
Commerce,"Law,Law",73.21066249422563,71.46508955595039,,Software Developer
Science,Coding,61.63695545,58.78986480708913,,Software Developer
Engineering,"Business,Healthcare",71.36345380671123,,74.15032650108763,Software Developer
Engineering,Business,77.93213064864099,80.67054047935792,83.49310706637064,Software Developer
Engineering,"Finance,Design",85.92843858441985,87.16607952,89.30335094079886,Software Developer
Arts,"Design,Business",84.09807868213129,79.68304970031795,79.35023292154429,UI/UX Designer
Science,"Finance,AI",73.54853391265844,80.68714475274712,83.13063125640528,Software Developer
Engineering,Marketing,73.1354415,69.78111248910164,62.81308164396018,Software Developer
Engineering,"Healthcare,Design",92.32269756879595,83.98345293039685,,Software Developer
Science,Finance,72.57433897454487,,,Software Developer
Commerce,Design,71.32977305353137,73.28077477246565,72.78747610117006,Software Developer
Science,Finance,69.87006173318494,79.47220303507632,73.12576314961794,Software Developer
Science,AI,95.05746646928512,,,AI Researcher
Science,Marketing,85.30133219,92.44709842846234,88.02088006,Software Developer
Arts,"Finance,Healthcare",62.98652410253926,61.24653194052079,60.50263768922544,Software Developer
Science,Law,83.46272324,91.25782613880895,76.36102996440684,Software Developer
Commerce,"Law,Finance",79.55432962966634,80.20568346291763,87.65407728317216,Software Developer
Arts,Design,75.24081162640068,75.42102770002768,,UI/UX Designer
Engineering,Finance,65.36333375,,75.45335505172565,Software Developer
Arts,"Data,Marketing",94.55202294537337,96.18427067,85.80786231492162,Software Developer
Arts,"Healthcare,Design",90.70312516785253,90.23931411398098,100.25720599636045,Software Developer
Engineering,Marketing,67.95933815446219,59.395017490706415,,Software Developer
Engineering,Finance,90.06628203145718,,94.41518925915344,Software Developer
Commerce,Data,83.70064859058208,86.27292228700144,76.69853965,Software Developer
Science,Finance,90.56693236860099,87.80103192017833,,Software Developer
Arts,Data,56.18130411954676,53.79796908745242,,Software Developer
Commerce,"Business,Finance",85.61898157886165,87.61150927686802,74.93209665593835,Business Analyst
Science,"Coding,AI",73.50728188349183,71.53391064,,Software Developer
Science,Marketing,70.89112782852875,67.25343626133382,67.05927142,Software Developer
Science,Business,68.38646690986768,,,Software Developer
Science,Design,92.71668324216532,,,Software Developer
Arts,"Healthcare,Data",70.91972672256065,76.40746792720554,,Software Developer
Engineering,"Finance,Finance",82.48852635343206,,,Software Developer
Arts,Coding,94.75385972035559,,,Software Developer
Engineering,AI,83.43834286965398,,,ML Engineer
Engineering,Healthcare,67.96701126846835,,,Software Developer
Commerce,Coding,69.99625316725508,74.91964844,,Software Developer
Science,"Healthcare,Law",68.96935500403225,70.03664386122031,74.61787660529045,Doctor
Commerce,"Data,Coding",64.02215382107202,,,Software Developer
Engineering,Data,66.03793822518404,57.807640683003925,63.90961682361073,Data Scientist
Engineering,Healthcare,64.28080844116118,72.23910383455303,,Software Developer
Commerce,Coding,75.44283707267428,73.75404731933729,80.23454564,Software Developer
Arts,Business,75.49084944470295,81.90035993689497,79.00625115768483,Software Developer
Commerce,Coding,81.71048248625615,86.65914099775745,88.53530803958772,Software Developer
Science,Business,85.84331130807318,87.68911231238482,,Software Developer
Arts,Design,94.28274545,93.51362758505707,86.84411366939335,UI/UX Designer
Engineering,Data,69.98136471,,,Data Scientist
Engineering,Marketing,82.96275373978966,90.56520618986683,,Software Developer
Science,"Business,Marketing",79.28839981836862,,,Software Developer
Science,Business,87.19562318204311,82.12699432241082,,Software Developer
Science,Business,82.25492776973778,,,Software Developer
Arts,"Design,Finance",72.76087830205962,79.81813844989576,,UI/UX Designer
Science,"Data,Finance",85.93867753082422,80.64626667787762,77.47266341149442,Data Scientist
Arts,Marketing,95.12737175649454,,96.25576347,Content Strategist
Science,Finance,75.92050461697366,,,Software Developer
Commerce,"Law,AI",91.26916628270943,81.93916940173341,85.73392794787192,Software Developer
Engineering,Business,83.61973564487664,87.45315084871379,,Software Developer
Science,Business,58.18606778558268,,57.77651044002494,Software Developer
Engineering,"Design,Healthcare",60.24072841218626,,,Software Developer
Commerce,Business,79.95706318961737,74.31480822517742,67.11205737744817,Business Analyst
Engineering,Data,70.49700305,73.55257850874376,,Data Scientist
Engineering,Design,94.07580746014139,,97.88835716643159,Software Developer
Commerce,Business,79.21517600030029,,,Business Analyst
Commerce,Healthcare,93.23188884602726,,,Software Developer
Science,"Law,AI",98.79248687806336,100.31494810547863,,Software Developer
Arts,"AI,Design",86.61892822308172,,,Software Developer
Arts,Data,70.79259929552124,72.96985861549061,77.18086685604928,Software Developer
Science,"Data,Finance",71.15977680109428,,,Data Scientist
Arts,Design,83.84948758,89.4597443,,UI/UX Designer
Arts,Law,63.64397062878837,,67.85396157913792,Lawyer
Commerce,Marketing,89.1778807,89.31257120603748,,Software Developer
Arts,"Data,Design",80.04765259,81.9849118,,Software Developer
Engineering,"Finance,Design",82.56659069606056,,85.94222216538913,Software Developer
Arts,"Design,Finance",87.94693567317171,92.00932724663585,,UI/UX Designer
Arts,"Healthcare,Law",70.03102327998116,65.75951211458809,57.60978781663403,Software Developer
Arts,"Healthcare,Data",62.30530039858528,69.63245639791971,,Software Developer
Commerce,AI,67.61684841663657,77.73860074882151,,Software Developer
Commerce,Business,74.82511715043933,75.15304621345241,76.28172887622867,Business Analyst
Commerce,"Design,Design",61.137924279481496,60.75900712712098,59.66143661963419,Software Developer
Engineering,"Law,Data",72.50879145951593,72.35029667877775,,Software Developer
Engineering,Healthcare,88.47874548864685,,79.39279468,Software Developer
Commerce,"Coding,Marketing",91.35194795076342,97.03032155468792,,Software Developer
Commerce,"Design,Design",85.55532477228029,91.25881997995023,98.46229457,Software Developer
Arts,"Data,Business",79.50099526760226,76.06366936093032,,Software Developer
Arts,"Design,Healthcare",97.00806759031255,99.1213984,97.67967348637028,UI/UX Designer
Engineering,"Business,Finance",71.30632734124669,74.84931142438245,84.22487021,Software Developer
Arts,"Marketing,Law",64.3351319,62.36593459141382,,Content Strategist
Commerce,"AI,AI",82.00657335399848,84.00143546365581,76.51811016130968,Software Developer
Science,AI,62.60926302054124,,,AI Researcher
Engineering,"Healthcare,Marketing",63.461895390825674,63.89540241565258,64.35143771825074,Software Developer
Commerce,"Coding,Law",87.35488649371835,89.78441952039815,,Software Developer
Engineering,Design,79.84792514515293,,,Software Developer
Commerce,Healthcare,79.09364014856408,82.92875696744002,69.34388329683276,Software Developer
Commerce,Design,75.43678688326482,,,Software Developer
Science,"Business,Finance",88.33816563,84.96501993494714,89.10617958139916,Software Developer
Engineering,AI,64.47750154432737,63.40626565665626,71.46852391940673,ML Engineer
Science,Finance,92.38348810403143,,97.29301918216794,Software Developer
Engineering,"Coding,Coding",74.36829039177249,,67.16590147873998,Backend Developer
Arts,"Law,Data",70.01984989409789,68.35344532280936,57.62865042,Lawyer
Engineering,Healthcare,70.24742426708181,,,Software Developer
Commerce,"AI,AI",78.09957650386588,84.56305141,87.10873718,Software Developer
Commerce,"Business,Data",90.77977269938232,88.39722314455007,,Business Analyst
Engineering,Finance,85.19883396503153,88.54745597544087,75.48420102076314,Software Developer
Arts,AI,69.50303303821353,64.80226321834635,,Software Developer
Arts,Data,76.24475075459607,75.82309752,79.59668909211742,Software Developer
Engineering,Marketing,87.40563308899797,89.85928734342797,,Software Developer
Science,"Design,Finance",70.04263449,,71.77844651206706,Software Developer
Commerce,Business,91.66236426932569,93.21949386297109,,Business Analyst
Science,Business,65.82368014215008,64.05678419006075,,Software Developer
Arts,Marketing,87.98305617676287,,85.47577450495208,Content Strategist
Commerce,Finance,77.56825557177116,82.94550919,82.44393391325656,Finance Analyst
Engineering,"Business,Law",96.46504408885491,91.02256770275882,93.64308128257065,Software Developer
Science,Business,64.00312528,,60.16759639802636,Software Developer
Science,"Marketing,Marketing",63.11631084508115,64.49332075,,Software Developer
Arts,Finance,63.754534238716445,66.64017481418838,54.166826864141484,Software Developer
Science,"Marketing,Law",97.34876026185971,,,Software Developer
Engineering,Marketing,66.81582620262805,69.43138849179289,75.92500387823671,Software Developer
Arts,Business,62.76950498382777,64.56577947647129,52.60283808898117,Software Developer
Engineering,Marketing,67.99016018,,80.48285401145296,Software Developer
Arts,Business,65.38308120243246,59.908046333630544,62.98847527027444,Software Developer
Commerce,AI,70.97665682860315,77.90566895496262,,Software Developer
Arts,Healthcare,86.69054363651495,,93.64518268660339,Software Developer
Commerce,"Law,Data",66.31398815567049,63.19549520960085,68.03021001580721,Software Developer
Arts,Coding,91.29483658805097,,,Software Developer
